text,author_id,created_at,lang
"RT @BeccasButterfli: Found out something about my favourite #Butterfly, which could be due to #climatechange ü¶ãüåé
#ButterflyWhisperer #Beccas‚Ä¶",964893647656206338,2022-09-25 23:59:53+00:00,en
The pressure is mounting for asset owners to tackle the impacts of #climatechange. What are the biggest challenges? We recently discussed how institutional #investors can address climate #investing with @swetac of @wedonthavetime. https://t.co/urZwNpJIRm #ESG https://t.co/9wQr22Kq9Y,943507308,2022-09-25 23:59:51+00:00,en
RT @CFigueres: Coming back to this once more.  If you don‚Äôt understand the impact of #climatechange on developing countries you just cannot‚Ä¶,1457300036069445635,2022-09-25 23:59:30+00:00,en
RT @SDG_Academy: #Cities can either be catalysts of #ClimateChange or a solution through #ClimateAction and innovation. You can play a role‚Ä¶,808811923852693505,2022-09-25 23:59:16+00:00,en
Annual global temperatures from 1850-2017. Still think this is a natural occurrence? #climatechange #climatecrisis #gogreen https://t.co/uoOfzxdwRQ,1266787098876694535,2022-09-25 23:59:04+00:00,en
"RT @nicoldesign2012: @ForeverUnitedFU @Norm_Farrell @Harold_Steves The costs of #ClimateChange, essential work of restoration and regenerat‚Ä¶",27371671,2022-09-25 23:58:00+00:00,en
"Mother Nature finds ways to restore balance, which is the way of things, but you can‚Äôt help but notice that it‚Äôs getting harder for her to do that. #hurricanefiona #storm #opinion #climatechange https://t.co/dBUaOFNS9I",42486455,2022-09-25 23:57:35+00:00,en
"RT @JhessetEnano: Heartbreaking video from a farmer in Nueva Ecija, showing the rice paddies that they had worked hard on for months, befor‚Ä¶",15014774,2022-09-25 23:57:25+00:00,en
"RT @JhessetEnano: Heartbreaking video from a farmer in Nueva Ecija, showing the rice paddies that they had worked hard on for months, befor‚Ä¶",1559312743358164992,2022-09-25 23:57:10+00:00,en
"RT @EmaanzT: Whales are secret weapon to fight against #Climatechange
More #Whales means more #phytoplankton 
They absorb tons of #Carbondi‚Ä¶",2188488030,2022-09-25 23:55:59+00:00,en
"RT @EmaanzT: Whales are secret weapon to fight against #Climatechange
More #Whales means more #phytoplankton 
They absorb tons of #Carbondi‚Ä¶",2438685120,2022-09-25 23:54:59+00:00,en
The latest Carpe DiEM25 - USA Review! https://t.co/BdId0oPweN Thanks to @ProgIntl @profwolff @openDemocracy #climatechange #assange,745715592804466688,2022-09-25 23:54:36+00:00,en
"RT @PCarterClimate: CARBON CLIMATE CRAZINESS
Mauna Loa Atmospheric CO2 has reached 419.15 ppm (August) (seasonally adjusted mean). 
Increas‚Ä¶",1859389446,2022-09-25 23:54:14+00:00,en
"#epicrapbattles #HurricaneIan vs @potus and @un for planet #Earth, #climatechange and #HumanRights",1571355912107069441,2022-09-25 23:53:56+00:00,en
"RT @courtghoward: It may be the emergency physician in me, but how about adding a plan to those prayers.  #climatechange #adaptation  #Miti‚Ä¶",281587128,2022-09-25 23:53:35+00:00,en
"RT @JhessetEnano: Heartbreaking video from a farmer in Nueva Ecija, showing the rice paddies that they had worked hard on for months, befor‚Ä¶",2820912218,2022-09-25 23:53:22+00:00,en
"RT @Dragofix: Air pollution can amplify negative effects of climate change, new study finds #environment #Airpollution #ClimateChange https‚Ä¶",271940563,2022-09-25 23:53:22+00:00,en
"RT @BialikOr: New paper outüì£!
Turns out that under intense warming and stratification (driven by #ClimateChange) fine #CaCO3 precipitate ab‚Ä¶",2680630904,2022-09-25 23:52:49+00:00,en
"RT @JhessetEnano: Heartbreaking video from a farmer in Nueva Ecija, showing the rice paddies that they had worked hard on for months, befor‚Ä¶",922761938903359489,2022-09-25 23:52:36+00:00,en
"RT @CenterEnvHealth: ü•≥GOOD NEWS: @GavinNewsom signed #AB1384 into law!üñãÔ∏è

We supported this bill because it will protect vulnerable communi‚Ä¶",70574146,2022-09-25 23:52:18+00:00,en
RT @ChParvezElahi: ŸÖŸàÿ≥ŸÖ€åÿßÿ™€å ÿ™ÿ®ÿØ€åŸÑ€åŸà⁄∫ ⁄©€í ÿ™ŸÜÿßÿ∏ÿ± ŸÖ€å⁄∫ ŸÖÿßÿ≠ŸàŸÑ ÿØŸàÿ≥ÿ™ ŸæÿßŸàÿ± ŸæŸÑÿßŸÜŸπ ŸÑ⁄ØÿßŸÜÿß ŸàŸÇÿ™ ⁄©ÿß ÿ™ŸÇÿßÿ∂ÿß €Å€í€î ÿ≥ŸÖŸà⁄Ø ÿßŸàÿ± ŸÖÿßÿ≠ŸàŸÑ€åÿßÿ™€å ÿ¢ŸÑŸàÿØ⁄Ø€å ÿ≥€í ŸÜŸÖŸπŸÜ€í ŸÖ€å⁄∫ ÿ®⁄æ€å ŸÖ‚Ä¶,1564957171124736000,2022-09-25 23:51:32+00:00,ur
RT @Dragofix: UK petition: Fund replanting of trees lost to forest fires to help combat climate change #UnitedKingdom #UK #environment #for‚Ä¶,1005614603617865729,2022-09-25 23:51:17+00:00,en
"RT @JhessetEnano: Heartbreaking video from a farmer in Nueva Ecija, showing the rice paddies that they had worked hard on for months, befor‚Ä¶",979954432862511104,2022-09-25 23:51:00+00:00,en
"RT @ProfStrachan: #Vanuatu makes bold call for global treaty to phase out #fossilfuels 

""President of #Pacific Island Nation urges countri‚Ä¶",1020913732006789120,2022-09-25 23:50:54+00:00,en
"@Generaltsos4u @drsimonegold 5:30 time mark: @SecGranHolm tries to hide that the #DEMOCRATS are shutting down energy production and are deliberately causing #INFLATION and #SHORTAGES to fight #CLIMATECHANGE  

Economy Reset - #BuildBackBetter 

https://t.co/kfC0Sr1gc0",1514280037956132865,2022-09-25 23:50:48+00:00,en
"RT @Cop27P: Looking to enhance your knowledge on the impact of #climatechange? Check this week‚Äôs recommendations for films, books and more.‚Ä¶",2279217679,2022-09-25 23:50:11+00:00,en
RT @jamesvgingerich: Businesses Can Expect to Spend $13.5B on Repairs Due to #Flooding in 2022. (Carrier Management) #ClimateChange #Enviro‚Ä¶,347318132,2022-09-25 23:49:59+00:00,en
Protecting old growth forests is one of the best things we can do to mitigate the impacts of #climatechange. Sign the @standearth petition to protect the last giant trees from logging! #bcpoli https://t.co/kHDVsXq1Ns,2305607881,2022-09-25 23:49:34+00:00,en
When #ClimateChange is man-made..#Chemtrails  https://t.co/u9SNbVOSpU,1460977911100424192,2022-09-25 23:49:06+00:00,en
RT @CFigueres: Coming back to this once more.  If you don‚Äôt understand the impact of #climatechange on developing countries you just cannot‚Ä¶,780635942927241216,2022-09-25 23:48:53+00:00,en
"If you have the funds, go support our game! It's yet to be named, but all funds gained from it will go to helping endangered species and stopping climate change https://t.co/7yVCcjvYVZ
#ClimateJustice #ClimateChange #endangeredspecies #paintedwolf",1296624894587830273,2022-09-25 23:48:37+00:00,en
"RT @JhessetEnano: Heartbreaking video from a farmer in Nueva Ecija, showing the rice paddies that they had worked hard on for months, befor‚Ä¶",3825084561,2022-09-25 23:48:30+00:00,en
RT @jamesvgingerich: This farmer in Pakistan lost his entire banana crop due to flooding.  (NowThis) #ClimateChange #Environment https://t.‚Ä¶,1255640727742226432,2022-09-25 23:48:25+00:00,en
This farmer in Pakistan lost his entire banana crop due to flooding.  (NowThis) #ClimateChange #Environment https://t.co/Hl837YSj9e,15221598,2022-09-25 23:48:00+00:00,en
RT @ChParvezElahi: ŸÖŸàÿ≥ŸÖ€åÿßÿ™€å ÿ™ÿ®ÿØ€åŸÑ€åŸà⁄∫ ⁄©€í ÿ™ŸÜÿßÿ∏ÿ± ŸÖ€å⁄∫ ŸÖÿßÿ≠ŸàŸÑ ÿØŸàÿ≥ÿ™ ŸæÿßŸàÿ± ŸæŸÑÿßŸÜŸπ ŸÑ⁄ØÿßŸÜÿß ŸàŸÇÿ™ ⁄©ÿß ÿ™ŸÇÿßÿ∂ÿß €Å€í€î ÿ≥ŸÖŸà⁄Ø ÿßŸàÿ± ŸÖÿßÿ≠ŸàŸÑ€åÿßÿ™€å ÿ¢ŸÑŸàÿØ⁄Ø€å ÿ≥€í ŸÜŸÖŸπŸÜ€í ŸÖ€å⁄∫ ÿ®⁄æ€å ŸÖ‚Ä¶,1145565099777777664,2022-09-25 23:47:41+00:00,ur
"Save on GREEN Hosting from HostGator! Use 25% OFF COUPON CODE: ""Get25OffHG"" https://t.co/HLk3yp1eEW #webhost #webhosting #climatechange",347334263,2022-09-25 23:47:20+00:00,en
"RT @UNBiodiversity: #Biodiversity is essentially interwoven with many of the factors that affect human health, including:

üçé Nutrition
üçÇ Me‚Ä¶",265545599,2022-09-25 23:47:11+00:00,en
"3/x

‚ÄúOur world is addicted to fossil fuels. It‚Äôs time for an intervention. We need to hold fossil fuel companies and their enablers to account.‚Äù

#climatechange #AlleD√∂rferBleiben #Luetzerath  #L√ºtzilebt #L√ºtzibleibt",1324067252317114374,2022-09-25 23:46:49+00:00,en
"RT @ProfStrachan: #Vanuatu makes bold call for global treaty to phase out #fossilfuels 

""President of #Pacific Island Nation urges countri‚Ä¶",1376988410636771329,2022-09-25 23:46:28+00:00,en
"RT @ProfStrachan: #Vanuatu makes bold call for global treaty to phase out #fossilfuels 

""President of #Pacific Island Nation urges countri‚Ä¶",1028144883050065920,2022-09-25 23:45:29+00:00,en
Travel Hiking Backpack with Solar Panel #climatechange #fotovoltaica https://t.co/B2OqZ2arW8 https://t.co/pBa2PVbQP2,1533757133975691264,2022-09-25 23:45:05+00:00,en
"RT @UNEP: #UNGA is an opportunity for governments, advocates and others to drive strong actions on the triple planetary crisis - #ClimateCh‚Ä¶",1556043595727212544,2022-09-25 23:45:03+00:00,en
"@Generaltsos4u @drsimonegold #DEMOCRATS are shutting down energy production and are DELIBERATELY causing #INFLATION and #SHORTAGES to fight #CLIMATECHANGE - Trump did not support #BUILDBACKBETTER so Democrats used #BIOTERRORISM to overthrow the Country.

https://t.co/pz6EzYl6Kl",1514280037956132865,2022-09-25 23:44:59+00:00,en
"RT @cheddar: Urban farms could be a key answer in the fight against #climatechange. Tony Hillery, founder and CEO of @HarlemGrown, joined C‚Ä¶",18333645,2022-09-25 23:44:58+00:00,en
"RT @JhessetEnano: Heartbreaking video from a farmer in Nueva Ecija, showing the rice paddies that they had worked hard on for months, befor‚Ä¶",1353994250199855104,2022-09-25 23:44:50+00:00,en
"RT @ProfStrachan: #Vanuatu makes bold call for global treaty to phase out #fossilfuels 

""President of #Pacific Island Nation urges countri‚Ä¶",2922525462,2022-09-25 23:44:29+00:00,en
RT @ChParvezElahi: ŸÖŸàÿ≥ŸÖ€åÿßÿ™€å ÿ™ÿ®ÿØ€åŸÑ€åŸà⁄∫ ⁄©€í ÿ™ŸÜÿßÿ∏ÿ± ŸÖ€å⁄∫ ŸÖÿßÿ≠ŸàŸÑ ÿØŸàÿ≥ÿ™ ŸæÿßŸàÿ± ŸæŸÑÿßŸÜŸπ ŸÑ⁄ØÿßŸÜÿß ŸàŸÇÿ™ ⁄©ÿß ÿ™ŸÇÿßÿ∂ÿß €Å€í€î ÿ≥ŸÖŸà⁄Ø ÿßŸàÿ± ŸÖÿßÿ≠ŸàŸÑ€åÿßÿ™€å ÿ¢ŸÑŸàÿØ⁄Ø€å ÿ≥€í ŸÜŸÖŸπŸÜ€í ŸÖ€å⁄∫ ÿ®⁄æ€å ŸÖ‚Ä¶,1442797410644750337,2022-09-25 23:44:22+00:00,ur
"RT @ProfStrachan: #Vanuatu makes bold call for global treaty to phase out #fossilfuels 

""President of #Pacific Island Nation urges countri‚Ä¶",806977457567846400,2022-09-25 23:44:12+00:00,en
"RT @JhessetEnano: Heartbreaking video from a farmer in Nueva Ecija, showing the rice paddies that they had worked hard on for months, befor‚Ä¶",3735388395,2022-09-25 23:44:04+00:00,en
"What is our film about? The World Stripped is about why our largest lifetime expense is tax, and why the megarich it's their least! It's also about the effects of this on Climate Change and the Environment. Want to know more? #follow #climatechange #film #movies #documentary https://t.co/ygEHf7j5LC",1573432768708726788,2022-09-25 23:43:24+00:00,en
"RT @courtghoward: It may be the emergency physician in me, but how about adding a plan to those prayers.  #climatechange #adaptation  #Miti‚Ä¶",1125841354716696576,2022-09-25 23:42:57+00:00,en
"RT @EarthKikashi: We have been concealed and deceived for decades and exploited as workers and consumers
Abundance consists of coexistence,‚Ä¶",4680482533,2022-09-25 23:42:17+00:00,en
"Global communism through ""climate change"" concern 
#WEFcommunism #WEF #ClimateChange

https://t.co/pCnZlhzpiL",92406475,2022-09-25 23:41:17+00:00,en
"RT @JhessetEnano: Heartbreaking video from a farmer in Nueva Ecija, showing the rice paddies that they had worked hard on for months, befor‚Ä¶",1353314961716518916,2022-09-25 23:41:10+00:00,en
"Great project for a great cause, earth üåé @ProjectDrawdown #climatechange #SDGs #PBL @ClimateGenOrg @NOAAClimate @kissthegroundCA @NatGeoEducation @owensscience @LSKlearning @bitesizeSDGs @ChristinaHamric @MDEnvironment @Braca_M @KipHottman https://t.co/7r63mCykL5",1466916420227379205,2022-09-25 23:40:44+00:00,en
"RT @ELPANAMEN0: @Dane__Garcia @BillPlains #WEMUSTBEUNITED
ALL SLAVES MUST OBEY
#ALLSLAVESMUSTOBEY
#DemocratCities
#ClimateChange
#PutinFaul‚Ä¶",764831951337455616,2022-09-25 23:40:36+00:00,en
"RT @PCarterClimate: MOST POTENT OF ALL GHGs INCREASING FASTEST
Sulfur hexafluoride (SF6) most potent GHG 22800 X CO2 , used by utilities, l‚Ä¶",90237375,2022-09-25 23:39:50+00:00,en
"RT @JhessetEnano: Heartbreaking video from a farmer in Nueva Ecija, showing the rice paddies that they had worked hard on for months, befor‚Ä¶",1474392040339238918,2022-09-25 23:39:01+00:00,en
RT @percy_bloom: 1896 Swedish Nobel Prize winning chemist and scientist Svante Arrhenius concluded humanity could cause global #ClimateChan‚Ä¶,1493565139924127746,2022-09-25 23:39:00+00:00,en
"RT @ProfStrachan: #ClimateChange 

""Without a dramatic course correction, there is a 50-50 chance of planetary warming surpassing 1.5¬∞C in‚Ä¶",61596858,2022-09-25 23:38:18+00:00,en
"RT @CaseyPregent1: My wife painted a bunch of 3√ó3 little paintings. This one is titled ""Climate change."" 
#ClimateCrisis 
#ClimateEmergency‚Ä¶",724323235177750528,2022-09-25 23:37:42+00:00,en
"RT @JhessetEnano: Heartbreaking video from a farmer in Nueva Ecija, showing the rice paddies that they had worked hard on for months, befor‚Ä¶",1418630721627774977,2022-09-25 23:37:16+00:00,en
"RT @_WorldSolutions: Ontüá®üá¶Kingston
https://t.co/uhjKT2JBdJ
@SustainableKtwn-@timescolonist/@CNNBusiness/@Forbes/@globeandmail #sustainabili‚Ä¶",3301310145,2022-09-25 23:37:06+00:00,en
Businesses Can Expect to Spend $13.5B on Repairs Due to #Flooding in 2022. (Carrier Management) #ClimateChange #Environment  #Insurance https://t.co/R8pubRcbnl https://t.co/ZwlXkZe2L9,15221598,2022-09-25 23:37:00+00:00,en
"RT @dorothyknable: ..From 2014 to 2019, t'number of Americans..ALARMED ABOUT #ClimateChange HAS TRIPLED..while deniers have reduced to just‚Ä¶",18176147,2022-09-25 23:36:48+00:00,en
Tesla Model Y Vs Ford Mustang Mach-E: Best EV Family Hauler? https://t.co/YTRBDx2YHr #ElectricVehicles #Tesla #EV #Renewables #ClimateChange #RenewableEnergy,1096724430087208960,2022-09-25 23:36:38+00:00,en
Ford F-150 Lightning Vs Rivian R1T: In-Depth Head-To-Head Comparison https://t.co/pZX4q2uBna #ElectricVehicles #Tesla #EV #Renewables #ClimateChange #RenewableEnergy,1096724430087208960,2022-09-25 23:36:37+00:00,en
"RT @JhessetEnano: Heartbreaking video from a farmer in Nueva Ecija, showing the rice paddies that they had worked hard on for months, befor‚Ä¶",2491036777,2022-09-25 23:35:57+00:00,en
#CLIMATECHANGE. . . .? https://t.co/y5EDuHGv3L,1318380296274812928,2022-09-25 23:35:27+00:00,qht
"So happy to meet and listen to the Ministers of #Agriculture from #Caribbean #IICA Member States as we meet in San Jose, Costa Rica to help #agrifood systems fight #climatechange ‚Å¶@Cop27P‚Å© ‚Å¶@IICAnews‚Å© ‚Å¶@IICAnoticias‚Å© ‚Å¶@IICA_USA‚Å© https://t.co/aikPr8ZZNe",1099500350,2022-09-25 23:35:05+00:00,en
Girl @MariahCarey I #sing #someday and #visionoflove to give me #Strength to deal with those that are #testing me @potus @un on #climatechange @cthagod you're gonna be #wishing for me.  for me for me for me yeah.  Cause baby I'm the one #HurricaneIan you were so #blind @HOT97 https://t.co/OJW2vFju6r,1571355912107069441,2022-09-25 23:33:17+00:00,en
"@curious_paddy #WEMUSTBEUNITED
ALL SLAVES MUST OBEY
#ALLSLAVESMUSTOBEY
#DemocratCities
#ClimateChange
#PutinFault
#PANAMA
https://t.co/nUDpQHgARb https://t.co/VgHuvEYXyH
#ThankATrucker #Freedom
#Agenda2030 #DutchLand #FreedomConvoy
#JustinTrudeau #D√©mission #RoeVsWade #MarthasVineyard",989966720,2022-09-25 23:33:11+00:00,en
"@curious_paddy #WEMUSTBEUNITED
ALL SLAVES MUST OBEY
#ALLSLAVESMUSTOBEY
#DemocratCities
#ClimateChange
#PutinFault
#PANAMA
https://t.co/nUDpQHycfL https://t.co/VgHuvFgyXh
#ThankATrucker #Freedom
#Agenda2030 #DutchLand #FreedomConvoy
#JustinTrudeau #D√©mission #RoeVsWade #MarthasVineyard",989966720,2022-09-25 23:33:10+00:00,en
"#WEMUSTBEUNITED
ALL SLAVES MUST OBEY
#ALLSLAVESMUSTOBEY
#DemocratCities
#ClimateChange
#PutinFault
#PANAMA
https://t.co/nUDpQHycfL https://t.co/VgHuvFgyXh
#ThankATrucker #Freedom
#Agenda2030 #DutchLand #FreedomConvoy
#JustinTrudeau #D√©mission #RoeVsWade #MarthasVineyard https://t.co/G1kEKkbSMh",989966720,2022-09-25 23:33:00+00:00,en
"RT @BialikOr: New paper outüì£!
Turns out that under intense warming and stratification (driven by #ClimateChange) fine #CaCO3 precipitate ab‚Ä¶",2919916221,2022-09-25 23:32:56+00:00,en
"RT @ELPANAMEN0: @ChivesChristen @TheTorontoSun @HeleneShaw17 #WEMUSTBEUNITED
ALL SLAVES MUST OBEY
#ALLSLAVESMUSTOBEY
#DemocratCities
#Clima‚Ä¶",1210992350559735808,2022-09-25 23:32:23+00:00,en
"RT @ELPANAMEN0: #WEMUSTBEUNITED
ALL SLAVES MUST OBEY
#ALLSLAVESMUSTOBEY
#DemocratCities
#ClimateChange
#PutinFault
#PANAMA
https://t.co/nUD‚Ä¶",1210992350559735808,2022-09-25 23:32:16+00:00,en
"@ezralevant #WEMUSTBEUNITED
ALL SLAVES MUST OBEY
#ALLSLAVESMUSTOBEY
#DemocratCities
#ClimateChange
#PutinFault
#PANAMA
https://t.co/nUDpQHycfL https://t.co/VgHuvFgyXh
#ThankATrucker #Freedom
#Agenda2030 #DutchLand #FreedomConvoy
#JustinTrudeau #D√©mission #RoeVsWade #MarthasVineyard",989966720,2022-09-25 23:32:07+00:00,en
"#WEMUSTBEUNITED
ALL SLAVES MUST OBEY
#ALLSLAVESMUSTOBEY
#DemocratCities
#ClimateChange
#PutinFault
#PANAMA
https://t.co/nUDpQHyK5j https://t.co/VgHuvFh6MP
#ThankATrucker #Freedom
#Agenda2030 #DutchLand #FreedomConvoy
#JustinTrudeau #D√©mission #RoeVsWade #MarthasVineyard https://t.co/wYHPF64gMy",989966720,2022-09-25 23:31:56+00:00,en
"@ezralevant #WEMUSTBEUNITED
ALL SLAVES MUST OBEY
#ALLSLAVESMUSTOBEY
#DemocratCities
#ClimateChange
#PutinFault
#PANAMA
https://t.co/nUDpQHycfL https://t.co/VgHuvFgyXh
#ThankATrucker #Freedom
#Agenda2030 #DutchLand #FreedomConvoy
#JustinTrudeau #D√©mission #RoeVsWade #MarthasVineyard",989966720,2022-09-25 23:31:45+00:00,en
"#WEMUSTBEUNITED
ALL SLAVES MUST OBEY
#ALLSLAVESMUSTOBEY
#DemocratCities
#ClimateChange
#PutinFault
#PANAMA
https://t.co/nUDpQHycfL https://t.co/VgHuvFgyXh
#ThankATrucker #Freedom
#Agenda2030 #DutchLand #FreedomConvoy
#JustinTrudeau #D√©mission #RoeVsWade #MarthasVineyard https://t.co/rBocisc7Hk",989966720,2022-09-25 23:31:35+00:00,en
RT @CFigueres: Coming back to this once more.  If you don‚Äôt understand the impact of #climatechange on developing countries you just cannot‚Ä¶,3586157234,2022-09-25 23:31:26+00:00,en
"RT @CECweb: üì¢Do you care about #FoodWaste and #ClimateChange? Of course, you do!

So, join us and @FAONorthAmerica for a #TwitterChat on th‚Ä¶",2373632875,2022-09-25 23:31:20+00:00,en
"#WEMUSTBEUNITED
ALL SLAVES MUST OBEY
#ALLSLAVESMUSTOBEY
#DemocratCities
#ClimateChange
#PutinFault
#PANAMA
https://t.co/nUDpQHycfL https://t.co/VgHuvFgyXh
#ThankATrucker #Freedom
#Agenda2030 #DutchLand #FreedomConvoy
#JustinTrudeau #D√©mission #RoeVsWade #MarthasVineyard https://t.co/zt4BZFRbsp",989966720,2022-09-25 23:31:15+00:00,en
"RT @3esExperience: It is important to continue strengthening youth led movements in the fight against #climatechange
 #YouthVoiceCop27 #KIP‚Ä¶",1525164891606237184,2022-09-25 23:30:55+00:00,en
"RT @PCarterClimate: CARBON CLIMATE CRAZINESS
Mauna Loa Atmospheric CO2 has reached 419.15 ppm (August) (seasonally adjusted mean). 
Increas‚Ä¶",3586157234,2022-09-25 23:30:40+00:00,en
"RT @ActionTime: Video of #ClimateChangeisREAL:Despite #GlobalWarming Temps, #Arctic Lakes are Disappearing. Here's Why #ClimateActionNOW #C‚Ä¶",612253780,2022-09-25 23:30:36+00:00,en
"RT @JhessetEnano: Heartbreaking video from a farmer in Nueva Ecija, showing the rice paddies that they had worked hard on for months, befor‚Ä¶",1465551410398113792,2022-09-25 23:30:33+00:00,en
"Video of #ClimateChangeisREAL:Despite #GlobalWarming Temps, #Arctic Lakes are Disappearing. Here's Why #ClimateActionNOW #ClimateEmergency #ClimateCrisis #ClimateCrisis #IARTG #ClimateChange #Progressives #Dems #ClimateScience #BTRTG #Retweet #SNRTG #Dem https://t.co/HKWrMRCQfN",1620010466,2022-09-25 23:30:15+00:00,en
üëã @udviklingsmin @ernkrans @brophytalks supporting farmers will reduce poverty and ensure we live in a food secure world. Yet #climatechange is making it difficult for them to persevere because they don‚Äôt have the right tools. Will you help them by investing in @CGIAR? üåΩ,1041814433125752832,2022-09-25 23:30:12+00:00,en
"@ChivesChristen @TheTorontoSun @HeleneShaw17 #WEMUSTBEUNITED
ALL SLAVES MUST OBEY
#ALLSLAVESMUSTOBEY
#DemocratCities
#ClimateChange
#PutinFault
#PANAMA
https://t.co/nUDpQHycfL https://t.co/VgHuvFgyXh
#ThankATrucker #Freedom
#Agenda2030 #DutchLand #FreedomConvoy
#JustinTrudeau #D√©mission #RoeVsWade #MarthasVineyard",989966720,2022-09-25 23:29:43+00:00,en
"RT @JhessetEnano: Heartbreaking video from a farmer in Nueva Ecija, showing the rice paddies that they had worked hard on for months, befor‚Ä¶",1070464891620716546,2022-09-25 23:29:38+00:00,en
"#WEMUSTBEUNITED
ALL SLAVES MUST OBEY
#ALLSLAVESMUSTOBEY
#DemocratCities
#ClimateChange
#PutinFault
#PANAMA
https://t.co/nUDpQHycfL https://t.co/VgHuvFgyXh
#ThankATrucker #Freedom
#Agenda2030 #DutchLand #FreedomConvoy
#JustinTrudeau #D√©mission #RoeVsWade #MarthasVineyard https://t.co/OSDQlp8GHY",989966720,2022-09-25 23:29:30+00:00,en
"@Dane__Garcia @BillPlains #WEMUSTBEUNITED
ALL SLAVES MUST OBEY
#ALLSLAVESMUSTOBEY
#DemocratCities
#ClimateChange
#PutinFault
#PANAMA
https://t.co/nUDpQHycfL https://t.co/VgHuvFgyXh
#ThankATrucker #Freedom
#Agenda2030 #DutchLand #FreedomConvoy
#JustinTrudeau #D√©mission #RoeVsWade #MarthasVineyard https://t.co/aws8QBtUIZ",989966720,2022-09-25 23:29:14+00:00,en
"RT @JhessetEnano: Heartbreaking video from a farmer in Nueva Ecija, showing the rice paddies that they had worked hard on for months, befor‚Ä¶",1445227843,2022-09-25 23:29:13+00:00,en
@libtardnprosper @peta @Hamilton_350 Sep 14 EWE:  Sweden - Kebnekaise's southern peak once again lower than the northern peak. https://t.co/k6FjLk1HCR #ClimateChange,16203788,2022-09-25 23:28:37+00:00,en
"RT @PCarterClimate: METHANE MADNESS
24 Sept 2022 atmospheric methane shot up 1,930 ppb
All methane sources increasing: cattle, land fills,‚Ä¶",90237375,2022-09-25 23:28:10+00:00,en
ORNL has provided #hydropower operators with new #data to better prepare for extreme weather events and shifts in seasonal energy demands caused by #climatechange. https://t.co/CTujmiHp5e,16145097,2022-09-25 23:28:00+00:00,en
"RT @ATS_AII: ü´ÅToday, September 25th, is #WorldLungDay. We join @FIRS_LungsFirst in advocating action against üåç #inequity in health #respira‚Ä¶",1356812091429183488,2022-09-25 23:27:17+00:00,en
RT @Dragofix: Watch the 'Invisible Demons' documentary https://t.co/QeF0ZcCN2k #InvisibleDemons #documentary #India #Delhi #environment #Cl‚Ä¶,1243221728148496388,2022-09-25 23:27:14+00:00,en
"Finally, a plan to help farmers reduce their carbon footprint. Globally, of all the ESG, only 2% of government funding goes to nature-based solutions. Time to think beyond renewable energy when it comes to #climatechange #greenhousegases  https://t.co/54FSij9s96",1549195523680133121,2022-09-25 23:27:13+00:00,en
"RT @PCarterClimate: CARBON CLIMATE CRAZINESS
Mauna Loa Atmospheric CO2 has reached 419.15 ppm (August) (seasonally adjusted mean). 
Increas‚Ä¶",90237375,2022-09-25 23:27:01+00:00,en
"RT @JhessetEnano: Heartbreaking video from a farmer in Nueva Ecija, showing the rice paddies that they had worked hard on for months, befor‚Ä¶",1318772902318100480,2022-09-25 23:26:57+00:00,en
"RT @PalmOilDetect: ""The EU is the üåç‚Äôs 3rd largest importer of agricultural commodities such as #soy #beef #palmoil linked to tropical #defo‚Ä¶",439439615,2022-09-25 23:26:43+00:00,en
"RT @healthy_climate: Australia is violating the rights of Torres Strait Islanders by not acting on #ClimateChange.

Stronger action and amb‚Ä¶",3155776046,2022-09-25 23:26:41+00:00,en
"RT @Dragofix: Air pollution can amplify negative effects of climate change, new study finds #environment #Airpollution #ClimateChange https‚Ä¶",1201124223038771200,2022-09-25 23:26:35+00:00,en
"RT @JhessetEnano: Heartbreaking video from a farmer in Nueva Ecija, showing the rice paddies that they had worked hard on for months, befor‚Ä¶",832792208919064576,2022-09-25 23:26:06+00:00,en
"RT @patriciakombo: This is what #climatechange really means to us. 

And it gets worse when you know you have contributed less to its happe‚Ä¶",1357417094304976897,2022-09-25 23:25:45+00:00,en
"RT @FIIKSA: The demand for more environmentally friendly products and services will soon become a more feasible reality, as #youth encourag‚Ä¶",245443647,2022-09-25 23:25:44+00:00,en
"RT @patriciakombo: This is what #climatechange really means to us. 

And it gets worse when you know you have contributed less to its happe‚Ä¶",1525164891606237184,2022-09-25 23:25:40+00:00,en
GM &amp; Lithion Announce an Investment &amp; Strategic Partnership Agreement to Pursue a Circular EV Battery Ecosystem https://t.co/PnscP2p1b8 #Tesla #EV #ClimateChange #Renewables #RenewableEnergy,1096724430087208960,2022-09-25 23:25:31+00:00,en
RT @dheenylkhair: #WhatHasChanged in our understanding that the #ClimateCrisis is an intergenerational crisis pushing people into extreme p‚Ä¶,1525164891606237184,2022-09-25 23:25:20+00:00,en
Every week brings a new #ClimateDisaster and 'unprecedented' is the theme of the 2020s. We need global action on #ClimateChange and we needed it yesterday.,28929572,2022-09-25 23:25:07+00:00,en
RT @ChParvezElahi: ŸÖŸàÿ≥ŸÖ€åÿßÿ™€å ÿ™ÿ®ÿØ€åŸÑ€åŸà⁄∫ ⁄©€í ÿ™ŸÜÿßÿ∏ÿ± ŸÖ€å⁄∫ ŸÖÿßÿ≠ŸàŸÑ ÿØŸàÿ≥ÿ™ ŸæÿßŸàÿ± ŸæŸÑÿßŸÜŸπ ŸÑ⁄ØÿßŸÜÿß ŸàŸÇÿ™ ⁄©ÿß ÿ™ŸÇÿßÿ∂ÿß €Å€í€î ÿ≥ŸÖŸà⁄Ø ÿßŸàÿ± ŸÖÿßÿ≠ŸàŸÑ€åÿßÿ™€å ÿ¢ŸÑŸàÿØ⁄Ø€å ÿ≥€í ŸÜŸÖŸπŸÜ€í ŸÖ€å⁄∫ ÿ®⁄æ€å ŸÖ‚Ä¶,1512457534677954564,2022-09-25 23:24:50+00:00,ur
"Australia is violating the rights of Torres Strait Islanders by not acting on #ClimateChange.

Stronger action and ambition is needed to respect rights and protect environment.
https://t.co/UjlrWWOjio",288540422,2022-09-25 23:24:23+00:00,en
RT @JapanGov: #WasteToEnergy power generation is gaining attention as an approach toward net zero. How can garbage actually power society &amp;‚Ä¶,232635988,2022-09-25 23:24:21+00:00,en
RT @WEXITBarbie: #ClimateBarbie crazy @cathmckenna deleted this drunk tweet in which she admitted to using Nazi propaganda minister Joseph‚Ä¶,509646564,2022-09-25 23:23:51+00:00,en
"RT @JhessetEnano: Heartbreaking video from a farmer in Nueva Ecija, showing the rice paddies that they had worked hard on for months, befor‚Ä¶",1538528142020648961,2022-09-25 23:23:28+00:00,en
"@Generaltsos4u @drsimonegold 5:40 time mark - The Biden administration is NOT allowing leasing for oil drilling - #DEMOCRATS are shutting down energy production and are DELIBERATELY causing #INFLATION and #SHORTAGES to fight #CLIMATECHANGE

https://t.co/Q2uRt7rFUq",1514280037956132865,2022-09-25 23:23:27+00:00,en
"RT @EkeleJiata: Happy New Week from @CSDevNet1 üíö

#WhatHasChanged?
#ClimateChange https://t.co/Y6PYBRjuV1",459109361,2022-09-25 23:23:22+00:00,en
"Hurricane causes unprecedented damage in Canada, Typhoons ravage the Philippines and Japan, monumental flooding in Pakistan - and this was all in the last couple weeks. At what point is the world going to wake up to the fact that #ClimateChange is here and we need to act on it??",28929572,2022-09-25 23:23:21+00:00,en
The latest I the Missing Link! https://t.co/nnbZF8vKpW Thanks to @CasperHodMusic @ProfStrachan @karolcummins #climatechange #climatecrisis,371552020,2022-09-25 23:23:02+00:00,en
"@kenolin1 #DEMOCRATS are shutting down energy production and are DELIBERATELY causing #INFLATION and #SHORTAGES to fight #CLIMATECHANGE - Trump did not support #BUILDBACKBETTER so Democrats used #BIOTERRORISM to overthrow the Country.

https://t.co/pz6EzYl6Kl",1514280037956132865,2022-09-25 23:21:58+00:00,en
RT @UNYouthEnvoy: #Throwback to the #Youth4Climate: #PoweringAction event earlier this week when young climate activists from all parts of‚Ä¶,383134033,2022-09-25 23:21:38+00:00,en
"RT @PCarterClimate: METHANE MADNESS
24 Sept 2022 atmospheric methane shot up 1,930 ppb
All methane sources increasing: cattle, land fills,‚Ä¶",202974774,2022-09-25 23:20:32+00:00,en
"RT @EmaanzT: Whales are secret weapon to fight against #Climatechange
More #Whales means more #phytoplankton 
They absorb tons of #Carbondi‚Ä¶",785942371166855168,2022-09-25 23:20:29+00:00,en
"RT @SvenVanZanten01: Check this out:

#svenvanzanten #solar #renewables #climatechange #sustainability #Environment #Energy #CleanEnergy #e‚Ä¶",988153919586033664,2022-09-25 23:20:20+00:00,en
"How Climate Change Is Affecting French Wines

https://t.co/PmSKDxrcZz

#SFR #MoreAboutWine #ClimateChange #WineReview https://t.co/ceytkhsRSo",3302231069,2022-09-25 23:20:18+00:00,en
"RT @bullshitjobs: 1930: Systemic poverty, radicalization, collapse.
2022: Systemic poverty, radicalization, #bullshitjobs causing #climatec‚Ä¶",1492490703703879681,2022-09-25 23:20:03+00:00,en
RT @Dragofix: UK petition: Fund replanting of trees lost to forest fires to help combat climate change #UnitedKingdom #UK #environment #for‚Ä¶,271940563,2022-09-25 23:19:59+00:00,en
"KAROON ENERGY LTD ( $KAR $KAR.ax )  has released "" Bauna Intervention Campaign Update "" on 26/9/2022 at 8:59 am AEST #Tech #ASX #ClimateChange",1386660560691814401,2022-09-25 23:19:47+00:00,en
"RT @RawfoundationUK: üåç‚õΩÔ∏èüí¶üåäüî•üçÇüÜò
If you don‚Äôt understand the impact of #climatechange on developing countries you just cannot lead the world‚Äôs‚Ä¶",150071793,2022-09-25 23:19:25+00:00,en
"RT @MackayConsGroup: Join our efforts to keep coal in the ground!
https://t.co/v0Pj7OejAS #mackay #climatechange",471930309,2022-09-25 23:19:13+00:00,en
"RT @UNEP: #UNGA is an opportunity for governments, advocates and others to drive strong actions on the triple planetary crisis - #ClimateCh‚Ä¶",869883809281560576,2022-09-25 23:17:41+00:00,en
"RT @EkeleJiata: Happy New Week from @CSDevNet1 üíö

#WhatHasChanged?
#ClimateChange https://t.co/Y6PYBRjuV1",1316125966893281280,2022-09-25 23:17:37+00:00,en
"RT @slefebvremerlin: These countries lead the world in renewables manufacturing and installation
A global renewable energy employment repor‚Ä¶",1061613703588691968,2022-09-25 23:17:30+00:00,en
"RT @ELPANAMEN0: @brixwe @keepmyfreedom #WEMUSTBEUNITED
ALL SLAVES MUST OBEY
#ALLSLAVESMUSTOBEY
#DemocratCities
#ClimateChange
#PutinFault
#‚Ä¶",553942108,2022-09-25 23:17:13+00:00,en
"RT @sustainme_in: A #tree is so much more than just timber! #SaveThePlanet with #ClimateAction 
https://t.co/iaNy2nCNDM

#sustainme
#sustai‚Ä¶",1268487898967523328,2022-09-25 23:17:01+00:00,en
I once knew a #lawyer that spoke for the #trees Majestic beautiful gifts on this earth with deep #roots #kuntaonthatkenty shit that's a #lyric I'll see you on @Spotify #funkmasterflexnight on that @potus @un for some #climatechange https://t.co/0eJg9f1yuH,1571355912107069441,2022-09-25 23:16:24+00:00,en
"RT @JhessetEnano: Heartbreaking video from a farmer in Nueva Ecija, showing the rice paddies that they had worked hard on for months, befor‚Ä¶",1284856609785606145,2022-09-25 23:15:44+00:00,en
"RT @ProfStrachan: #ClimateChange 

""Without a dramatic course correction, there is a 50-50 chance of planetary warming surpassing 1.5¬∞C in‚Ä¶",97268985,2022-09-25 23:15:31+00:00,en
"RT @RawfoundationUK: üåç‚õΩÔ∏èüí¶üåäüî•üçÇüÜò
If you don‚Äôt understand the impact of #climatechange on developing countries you just cannot lead the world‚Äôs‚Ä¶",2485308468,2022-09-25 23:15:24+00:00,en
RT @ClimateHealthNC: üì£ BREAKING NEWS: @EPA forms national office of #EnvironmentalJustice to address the disproportionate harm of #ClimateC‚Ä¶,1136364676252672000,2022-09-25 23:15:15+00:00,en
"RT @bullshitjobs: 1930: Systemic poverty, radicalization, collapse.
2022: Systemic poverty, radicalization, #bullshitjobs causing #climatec‚Ä¶",1487087792710733828,2022-09-25 23:14:50+00:00,en
"RT @dorothyknable: ..From 2014 to 2019, t'number of Americans..ALARMED ABOUT #ClimateChange HAS TRIPLED..while deniers have reduced to just‚Ä¶",508922880,2022-09-25 23:13:40+00:00,en
"@FoolElegant @antmiggss #DEMOCRATS are shutting down energy production and are DELIBERATELY causing #INFLATION and #SHORTAGES to fight #CLIMATECHANGE - Trump did not support #BUILDBACKBETTER so Democrats used #BIOTERRORISM to overthrow the Country.

https://t.co/pz6EzYl6Kl",1514280037956132865,2022-09-25 23:13:22+00:00,en
"RT @slefebvremerlin: These countries lead the world in renewables manufacturing and installation
A global renewable energy employment repor‚Ä¶",1138436214992908289,2022-09-25 23:13:16+00:00,en
"RT @slefebvremerlin: These countries lead the world in renewables manufacturing and installation
A global renewable energy employment repor‚Ä¶",1003949688465354752,2022-09-25 23:12:27+00:00,en
"RT @UNEP: #UNGA is an opportunity for governments, advocates and others to drive strong actions on the triple planetary crisis - #ClimateCh‚Ä¶",1206412871174893568,2022-09-25 23:12:25+00:00,en
"RT @courtghoward: It may be the emergency physician in me, but how about adding a plan to those prayers.  #climatechange #adaptation  #Miti‚Ä¶",23657309,2022-09-25 23:11:53+00:00,en
"RT @KarolinaLisslo: This is pure madness! Belgium just shut down 1,000MW of clean fossil free power ü§Øhttps://t.co/EEUxvQP7Ys #climatechange‚Ä¶",542698077,2022-09-25 23:11:47+00:00,en
"RT @bullshitjobs: 1930: Systemic poverty, radicalization, collapse.
2022: Systemic poverty, radicalization, #bullshitjobs causing #climatec‚Ä¶",1413605454949670914,2022-09-25 23:11:27+00:00,en
RT @LaurenMagarino: Looking forward to @60Minutes report from @andersoncooper tonight on the great work being done by @miamirosenstiel. Her‚Ä¶,1016486686958739457,2022-09-25 23:10:35+00:00,en
"@FoolElegant @antmiggss 5:40 time mark - The Biden administration is NOT allowing leasing for oil drilling - #DEMOCRATS are shutting down energy production and are DELIBERATELY causing #INFLATION and #SHORTAGES to fight #CLIMATECHANGE

https://t.co/Q2uRt7rFUq",1514280037956132865,2022-09-25 23:10:30+00:00,en
RT @richard35609781: #prepare4cc What to do and not to do if you lose power #cop26 #COP26Glasgow #ActOnClimate #climate #climatechange #Cli‚Ä¶,720959701651996673,2022-09-25 23:10:20+00:00,en
"These countries lead the world in renewables manufacturing and installation
A global renewable energy employment report released today by the International Renewable Energy Agency (IRENA)..#renewableenergy #cleanenergy #climatechange https://t.co/EeaRghXAeT https://t.co/bQE5lq9e6H",854805884,2022-09-25 23:10:19+00:00,en
"RT @ProfStrachan: #ClimateChange 

""Without a dramatic course correction, there is a 50-50 chance of planetary warming surpassing 1.5¬∞C in‚Ä¶",38623599,2022-09-25 23:10:02+00:00,en
"RT @WorldBank: In #MENA, over 60% of the population lives in areas with high water stress. 

#ClimateChange, population growth &amp; the pandem‚Ä¶",912063948,2022-09-25 23:09:59+00:00,en
"RT @WetTribe: The ocean has been the greatest ally against #ClimateChange. As a heat &amp; carbon sink, the #ocean absorbs excess energy releas‚Ä¶",905596317350678528,2022-09-25 23:09:50+00:00,en
"üåç‚õΩÔ∏èüí¶üåäüî•üçÇüÜò
If you don‚Äôt understand the impact of #climatechange on developing countries you just cannot lead the world‚Äôs top development institution. #MalpassMustGo ‚Å¶@POTUS‚Å©  https://t.co/VdR6T1R3V6",249774059,2022-09-25 23:09:13+00:00,en
"RT @JhessetEnano: Heartbreaking video from a farmer in Nueva Ecija, showing the rice paddies that they had worked hard on for months, befor‚Ä¶",1551833595265765377,2022-09-25 23:09:09+00:00,en
"RT @JhessetEnano: Heartbreaking video from a farmer in Nueva Ecija, showing the rice paddies that they had worked hard on for months, befor‚Ä¶",34208144,2022-09-25 23:08:40+00:00,en
Walk outside tonite  plenty of #windpower  courtesy of #motherearth  align it with solar pv and we don't need oil or gas  -  #climatechange was caused by greedy companies and rich individuals- together we can change it https://t.co/S2otVvDzJI,1434192807430959106,2022-09-25 23:08:38+00:00,en
RT @CFigueres: Coming back to this once more.  If you don‚Äôt understand the impact of #climatechange on developing countries you just cannot‚Ä¶,1865604127,2022-09-25 23:08:10+00:00,en
"While world leaders from wealthy countries acknowledge the ‚Äúexistential threat‚Äù of #ClimateChange, Tuvalu PM Kausea Natano is racing to save his tiny island nation from drowning by raising it 4 to 5 meters above sea level through land reclamation
https://t.co/3Q9vAVKG0s",989013553473454081,2022-09-25 23:08:00+00:00,en
"RT @PCarterClimate: CARBON CLIMATE CRAZINESS
Mauna Loa Atmospheric CO2 has reached 419.15 ppm (August) (seasonally adjusted mean). 
Increas‚Ä¶",24053743,2022-09-25 23:06:50+00:00,en
"The GIJ Climate Opportunities Forum was a success.
Big thanks to @audrey_akakiya, for granting that historic partnership.

Special thanks to our speakers; @PATAGYEKUM, @delademxonu, @ddtawiah &amp; David Anankaning.
#AfricaWeWant
#climatechange
#climateaction https://t.co/v0IrNsGUjr",1242441190815027202,2022-09-25 23:06:42+00:00,en
"RT @drvandanashiva: #HappyJanamashtami the day #LordKrishna was born . Krishna was a cowherd &amp; loved his cows .
Cows have not caused #clima‚Ä¶",1463587270187966468,2022-09-25 23:06:29+00:00,en
"RT @JhessetEnano: Heartbreaking video from a farmer in Nueva Ecija, showing the rice paddies that they had worked hard on for months, befor‚Ä¶",1394112070027681794,2022-09-25 23:06:04+00:00,en
"RT @ByczynskiLuke: #greenwall #sahara #African #africa
#climate #future #climatechange

@_AfricanUnion @CAF_Online  

How The Sahara will T‚Ä¶",1264655095599333377,2022-09-25 23:04:47+00:00,en
"RT @JhessetEnano: Heartbreaking video from a farmer in Nueva Ecija, showing the rice paddies that they had worked hard on for months, befor‚Ä¶",950679272414261248,2022-09-25 23:04:44+00:00,en
@JodyBrownArch And architects shouldn‚Äôt design glass houses. #climateChange,1194310568200548352,2022-09-25 23:04:37+00:00,en
Thanks to the person on @CTVNews whose home was flooded by #Fiona and said 'we are in a #ClimateEmergency and these storms will only get worse - we need a climate adaptation plan'. The media is allergic to naming #climatechange. It falls on regular people to do so @BellMediaPR,45010284,2022-09-25 23:04:22+00:00,en
"‡ÆÖ‡Æ§‡Æø‡Æï‡Æ∞‡Æø‡Æ§‡Øç‡Æ§‡ØÅ ‡Æµ‡Æ∞‡ØÅ‡ÆÆ‡Øç ‡Æ™‡Æ∞‡ØÅ‡Æµ‡Æ®‡Æø‡Æ≤‡Øà ‡Æ®‡ØÜ‡Æ∞‡ØÅ‡Æï‡Øç‡Æï‡Æü‡Æø ‡Æé‡Æ©‡Æï‡Øç‡Æï‡ØÅ ‡Æµ‡Æ∞‡ØÅ‡Æ§‡Øç‡Æ§‡Æ§‡Øç‡Æ§‡Øà‡ÆØ‡ØÅ‡ÆÆ‡Øç ‡Æï‡Æµ‡Æ≤‡Øà‡ÆØ‡Øà‡ÆØ‡ØÅ‡ÆÆ‡Øç ‡ÆÖ‡Æ≥‡Æø‡Æï‡Øç‡Æï‡Æø‡Æ±‡Æ§‡ØÅ. ‡Æá‡ÆØ‡Æ±‡Øç‡Æï‡Øà ‡Æ™‡Øá‡Æ∞‡Æ¥‡Æø‡Æµ‡ØÅ‡Æï‡Æ≥‡Øç ‡Æ§‡Øä‡Æü‡Æ∞‡Øç‡Æ™‡Ææ‡Æ© ‡Æ§‡Æø‡Æü‡Øç‡Æü‡Æô‡Øç‡Æï‡Æ≥‡Øà ‡Æâ‡Æ∞‡ØÅ‡Æµ‡Ææ‡Æï‡Øç‡Æï‡ØÅ‡ÆÆ‡Øç ‡Æ™‡Øã‡Æ§‡ØÅ ‡ÆÆ‡Æ±‡Øç‡Æ±‡ØÅ‡ÆÆ‡Øç ‡Æ®‡Æø‡Æµ‡Ææ‡Æ∞‡Æ£ ‡Æ™‡Æ£‡Æø‡Æï‡Æ≥‡Æø‡Æ≤‡Øç ‡Æ§‡Æø‡Æ∞‡ØÅ‡Æ®‡Æô‡Øç‡Æï‡Øà‡Æï‡Æ≥‡Æø‡Æ©‡Øç ‡Æ®‡Æ≤‡Øç‡Æµ‡Ææ‡Æ¥‡Øç‡Æµ‡Øà ‡Æö‡Øá‡Æ∞‡Øç‡Æï‡Øç‡Æï‡ØÅ‡ÆÆ‡Ææ‡Æ±‡ØÅ ‡ÆÖ‡Æ∞‡Æö‡ØÅ‡Æï‡Æ≥‡ØÅ‡Æï‡Øç‡Æï‡ØÅ ‡Æ®‡Ææ‡Æô‡Øç‡Æï‡Æ≥‡Øç ‡Æ™‡Æ∞‡Æø‡Æ®‡Øç‡Æ§‡ØÅ‡Æ∞‡Øà‡Æï‡Øç‡Æï‡Æø‡Æ±‡Øã‡ÆÆ‡Øç. 
#ClimateChange
https://t.co/rlpLegW8Cy",76906787,2022-09-25 23:03:55+00:00,ta
"Check this out:

#svenvanzanten #solar #renewables #climatechange #sustainability #Environment #Energy #CleanEnergy #electricity #solarenergy #SolarPower #energietransitie #zonnepanelen #klimaat #Nederland https://t.co/9zZkKAGVlm",1553680586883096576,2022-09-25 23:03:17+00:00,en
RT @UNBiodiversity: Did you know that rising temperatures have made beach sand so warm that sea turtle eggs incubate above 31¬∞C and are ove‚Ä¶,766833013,2022-09-25 23:03:02+00:00,en
"RT @ellymelly: #ClimateChange 'carbon footprint' policy - such as used in New Zealand - is a rort.

City bureaucrats attach 'carbon guesses‚Ä¶",1323187654859522048,2022-09-25 23:02:52+00:00,en
RT @CFigueres: Coming back to this once more.  If you don‚Äôt understand the impact of #climatechange on developing countries you just cannot‚Ä¶,1245974226,2022-09-25 23:02:36+00:00,en
"#greenwall #sahara #African #africa
#climate #future #climatechange

@_AfricanUnion @CAF_Online  

How The Sahara will Turn Green https://t.co/Y2PqOpSXGe via @YouTube",1328864806552690688,2022-09-25 23:02:25+00:00,en
"@Generaltsos4u @drsimonegold From Jerome Powell, Chairman of the Federal Reserve: Not #RUSSIA , not #COVID19 - But #POLICY is RESPONSIBLE for #INFLATION and #SHORTAGES - #DEMOCRATS are shutting down energy production to fight #CLIMATECHANGE

https://t.co/Vcvps0Lvj7",1514280037956132865,2022-09-25 23:02:12+00:00,en
"RT @dorothyknable: ..From 2014 to 2019, t'number of Americans..ALARMED ABOUT #ClimateChange HAS TRIPLED..while deniers have reduced to just‚Ä¶",283910700,2022-09-25 23:02:02+00:00,en
"@FoolElegant @antmiggss From Jerome Powell, Chairman of the Federal Reserve: Not #RUSSIA , not #COVID19 - But #POLICY is RESPONSIBLE for #INFLATION and #SHORTAGES - #DEMOCRATS are shutting down energy production to fight #CLIMATECHANGE

https://t.co/Vcvps0Lvj7",1514280037956132865,2022-09-25 23:01:48+00:00,en
"RT @NewsArmageddon: @Rorygirl2 SHARE !!! The elites are using #ClimateChange to steal our property, land &amp; freedoms. It's a con to create a‚Ä¶",1353063001230692354,2022-09-25 23:01:46+00:00,en
Climate Change Daily! https://t.co/etExQ6UNzY Thanks to @YaleE360 #climatechange #climatecrisis,24477273,2022-09-25 23:01:34+00:00,en
RT @CFigueres: Coming back to this once more.  If you don‚Äôt understand the impact of #climatechange on developing countries you just cannot‚Ä¶,1408338688141049859,2022-09-25 23:01:09+00:00,en
RT @CFigueres: Coming back to this once more.  If you don‚Äôt understand the impact of #climatechange on developing countries you just cannot‚Ä¶,1541132856,2022-09-25 23:00:55+00:00,en
"The report from the Intergovernmental Panel on #ClimateChange says switching to plant-based diets could both free up land and reduce carbon dioxide emissions üåç

#IPCC #ClimateAction
#ClimateEmergency

 https://t.co/5WIeYoohp9",800414768024518656,2022-09-25 23:00:45+00:00,en
"https://t.co/vKCVeCFYRY

Your Emotions are like the fast passing train.
Observe the train, do not hop on. 

#JoyofSustainability #sustainability #sustainabilitytips #dailyquote #empowerment #CreativityCoach #SustainabilityCoach #ClimateChange #innovation #positivepsychology https://t.co/lgF6ReR8oZ",44870039,2022-09-25 23:00:38+00:00,en
RT @JaroGiesbrecht: Might be a good idea to start with a real plan to deal with #ClimateChange for starters.,3145959239,2022-09-25 22:59:51+00:00,en
"RT @PCarterClimate: MAXIMUM WARMING AFFECTS ALL MAJOR FOOD PRODUCTION
IPCC AR6 Annual maximum &amp; minimum temperature increases. 1.5¬∞C All ma‚Ä¶",1563245861433675777,2022-09-25 22:59:46+00:00,en
@potus @un @SustDev let us have the discussion now.  What we once drew as #lines on a #map are invisible #fences that trap us in #fields gone farrow and #Forests turned sand.  If I have to get my #idaho potatoes from #canada then #youthehoe.  #science #climatechange #HurricaneIan https://t.co/YFZI6aR7ox,1571355912107069441,2022-09-25 22:58:52+00:00,en
"RT @EmaanzT: Whales are secret weapon to fight against #Climatechange
More #Whales means more #phytoplankton 
They absorb tons of #Carbondi‚Ä¶",1505981382333452298,2022-09-25 22:58:45+00:00,en
"RT @mongabay: [PODCAST] We discuss #agroecology as a science, practice &amp; movement solving environmental &amp; social crises humanity faces like‚Ä¶",1463587270187966468,2022-09-25 22:58:39+00:00,en
"RT @JhessetEnano: Heartbreaking video from a farmer in Nueva Ecija, showing the rice paddies that they had worked hard on for months, befor‚Ä¶",3612134232,2022-09-25 22:58:38+00:00,en
"RT @PCarterClimate: CARBON CLIMATE CRAZINESS
Mauna Loa Atmospheric CO2 has reached 419.15 ppm (August) (seasonally adjusted mean). 
Increas‚Ä¶",1388780957919064064,2022-09-25 22:58:28+00:00,en
"RT @CopernicusEU: #Copernicus for #ClimateChange awareness

The extreme temperatures of the summer of 2022 have put glaciers in the Alps un‚Ä¶",560005675,2022-09-25 22:58:06+00:00,en
"RT @JhessetEnano: Heartbreaking video from a farmer in Nueva Ecija, showing the rice paddies that they had worked hard on for months, befor‚Ä¶",1480079504059949056,2022-09-25 22:57:42+00:00,en
"RT @JhessetEnano: Heartbreaking video from a farmer in Nueva Ecija, showing the rice paddies that they had worked hard on for months, befor‚Ä¶",840614150166347776,2022-09-25 22:57:26+00:00,en
"RT @FAOclimate: Africa‚Äôs agriculture sector is highly vulnerable to the impacts of #ClimateChange. 

@FAO accelerates countries‚Äô access to‚Ä¶",1343974675219689472,2022-09-25 22:57:17+00:00,en
"RT @UNEP: #UNGA is an opportunity for governments, advocates and others to drive strong actions on the triple planetary crisis - #ClimateCh‚Ä¶",1102302800,2022-09-25 22:57:07+00:00,en
RT @IPCC_CH: More than 3 billion people are vulnerable to #climatechange &amp; more in the future will be exposed to the severe consequences of‚Ä¶,1229911038193090560,2022-09-25 22:56:53+00:00,en
"RT @soljourno: From üöΩ to üåø

@HeyFishLady populates this week's Response newsletter with stories of fighting #climatechange with our flushab‚Ä¶",243907481,2022-09-25 22:56:47+00:00,en
"RT @dorothyknable: ..From 2014 to 2019, t'number of Americans..ALARMED ABOUT #ClimateChange HAS TRIPLED..while deniers have reduced to just‚Ä¶",517101711,2022-09-25 22:56:39+00:00,en
"RT @athenamediaie: Great, accessible video series by @KHayhoe for anyone wanting to have accessible factual story of #climatechange ....ans‚Ä¶",24592359,2022-09-25 22:56:23+00:00,en
RT @ClimateHealthNC: üì£ BREAKING NEWS: @EPA forms national office of #EnvironmentalJustice to address the disproportionate harm of #ClimateC‚Ä¶,1530955615459328002,2022-09-25 22:56:15+00:00,en
RT @Dragofix: Watch the 'Invisible Demons' documentary https://t.co/QeF0ZcCN2k #InvisibleDemons #documentary #India #Delhi #environment #Cl‚Ä¶,271940563,2022-09-25 22:56:09+00:00,en
"RT @IPCC_CH: Join #IPCC Vice-Chairs Thelma Krug &amp; Youba Sokona as they join @jve_academie for a discussion on the role of the arts, social‚Ä¶",2188488030,2022-09-25 22:55:59+00:00,en
"RT @tilbaygeoforce1: #ClimateChange has come 3 days early this fall, leaves are falling. #ClimateEmergency Trudeau Weeps",1545833912039084034,2022-09-25 22:55:43+00:00,en
"RT @dorothyknable: ..From 2014 to 2019, t'number of Americans..ALARMED ABOUT #ClimateChange HAS TRIPLED..while deniers have reduced to just‚Ä¶",302062283,2022-09-25 22:55:33+00:00,en
"RT @ProfStrachan: #ClimateChange 

""Without a dramatic course correction, there is a 50-50 chance of planetary warming surpassing 1.5¬∞C in‚Ä¶",1553525092331597824,2022-09-25 22:55:19+00:00,en
RT @kunec250: Yesterday our members had the opportunity to meet with our former chairperson @lizwathuti who inspired us with her words of w‚Ä¶,765077333267083264,2022-09-25 22:54:52+00:00,en
"RT @dorothyknable: ..From 2014 to 2019, t'number of Americans..ALARMED ABOUT #ClimateChange HAS TRIPLED..while deniers have reduced to just‚Ä¶",384923143,2022-09-25 22:54:50+00:00,en
RT @Dragofix: UK petition: Fund replanting of trees lost to forest fires to help combat climate change #UnitedKingdom #UK #environment #for‚Ä¶,1201124223038771200,2022-09-25 22:54:44+00:00,en
"#WEMUSTBEUNITED
ALL SLAVES MUST OBEY
#ALLSLAVESMUSTOBEY
#DemocratCities
#ClimateChange
#PutinFault
#PANAMA
https://t.co/nUDpQHyK5j https://t.co/VgHuvFh6MP
#ThankATrucker #Freedom
#Agenda2030 #DutchLand #FreedomConvoy
#JustinTrudeau #D√©mission #RoeVsWade #MarthasVineyard https://t.co/6pBD7ZFAw2",989966720,2022-09-25 22:54:39+00:00,en
"RT @ELPANAMEN0: @jj_talking @BillPlains #WEMUSTBEUNITED
ALL SLAVES MUST OBEY
#ALLSLAVESMUSTOBEY
#DemocratCities
#ClimateChange
#PutinFault‚Ä¶",764831951337455616,2022-09-25 22:54:28+00:00,en
"RT @ELPANAMEN0: @theresa87917922 @BillPlains #WEMUSTBEUNITED
ALL SLAVES MUST OBEY
#ALLSLAVESMUSTOBEY
#DemocratCities
#ClimateChange
#PutinF‚Ä¶",764831951337455616,2022-09-25 22:54:20+00:00,en
"@jj_talking @BillPlains #WEMUSTBEUNITED
ALL SLAVES MUST OBEY
#ALLSLAVESMUSTOBEY
#DemocratCities
#ClimateChange
#PutinFault
#PANAMA
https://t.co/nUDpQHycfL https://t.co/VgHuvFgyXh
#ThankATrucker #Freedom
#Agenda2030 #DutchLand #FreedomConvoy
#JustinTrudeau #D√©mission #RoeVsWade #MarthasVineyard https://t.co/9lcU83Hkoy",989966720,2022-09-25 22:54:19+00:00,en
"#WEMUSTBEUNITED
ALL SLAVES MUST OBEY
#ALLSLAVESMUSTOBEY
#DemocratCities
#ClimateChange
#PutinFault
#PANAMA
https://t.co/nUDpQHycfL https://t.co/VgHuvFgyXh
#ThankATrucker #Freedom
#Agenda2030 #DutchLand #FreedomConvoy
#JustinTrudeau #D√©mission #RoeVsWade #MarthasVineyard https://t.co/GEeplnJ1Gg",989966720,2022-09-25 22:53:56+00:00,en
"RT @ProfStrachan: #Fiona hits #Atlantic #Canada-Climate change means the region will see more frequent storms 

""#ClimateChange leads to wa‚Ä¶",757668817581506565,2022-09-25 22:53:50+00:00,en
"RT @TanaSenn: The Congressional race in WA's 3rd CD is for the soul of America, I kid you not! 
* Marie Gluesenkamp Perez (D)--Latina mom,‚Ä¶",2879920362,2022-09-25 22:53:44+00:00,en
RT @LaurenMagarino: Looking forward to @60Minutes report from @andersoncooper tonight on the great work being done by @miamirosenstiel. Her‚Ä¶,120674657,2022-09-25 22:53:38+00:00,en
"RT @IPCC_CH: Join #IPCC Vice-Chairs Thelma Krug &amp; Youba Sokona as they join @jve_academie for a discussion on the role of the arts, social‚Ä¶",1229911038193090560,2022-09-25 22:53:19+00:00,en
"Africa‚Äôs agriculture sector is highly vulnerable to the impacts of #ClimateChange. 

@FAO accelerates countries‚Äô access to #climatefinance for climate action through @theGCF‚Äôs Readiness Programme.

üåê https://t.co/hPv1HCFxpI

@FAOAfrica https://t.co/L0RaVm1Lsm",146620155,2022-09-25 22:53:10+00:00,en
"@theresa87917922 @BillPlains #WEMUSTBEUNITED
ALL SLAVES MUST OBEY
#ALLSLAVESMUSTOBEY
#DemocratCities
#ClimateChange
#PutinFault
#PANAMA
https://t.co/nUDpQHycfL https://t.co/VgHuvFgyXh
#ThankATrucker #Freedom
#Agenda2030 #DutchLand #FreedomConvoy
#JustinTrudeau #D√©mission #RoeVsWade #MarthasVineyard",989966720,2022-09-25 22:53:04+00:00,en
"RT @CalNurses: As #ClimateChange leads to longer and more active fire seasons, nurses are reminded: the health of the planet and the health‚Ä¶",2873321143,2022-09-25 22:53:01+00:00,en
"Go-Green Turning The Tide Against Climate Change in Sokoto

 #ClimateChange
https://t.co/JBHdHTdK99",1203501231282565120,2022-09-25 22:52:59+00:00,en
"RT @PCarterClimate: CARBON CLIMATE CRAZINESS
Mauna Loa Atmospheric CO2 has reached 419.15 ppm (August) (seasonally adjusted mean). 
Increas‚Ä¶",1697803056,2022-09-25 22:52:54+00:00,en
"#WEMUSTBEUNITED
ALL SLAVES MUST OBEY
#ALLSLAVESMUSTOBEY
#DemocratCities
#ClimateChange
#PutinFault
#PANAMA
https://t.co/nUDpQHycfL https://t.co/VgHuvFgyXh
#ThankATrucker #Freedom
#Agenda2030 #DutchLand #FreedomConvoy
#JustinTrudeau #D√©mission #RoeVsWade #MarthasVineyard https://t.co/wZUaDFcdAO",989966720,2022-09-25 22:52:53+00:00,en
"@jolenebuntinguk #WEMUSTBEUNITED
ALL SLAVES MUST OBEY
#ALLSLAVESMUSTOBEY
#DemocratCities
#ClimateChange
#PutinFault
#PANAMA
https://t.co/nUDpQHycfL https://t.co/VgHuvFgyXh
#ThankATrucker #Freedom
#Agenda2030 #DutchLand #FreedomConvoy
#JustinTrudeau #D√©mission #RoeVsWade #MarthasVineyard https://t.co/xfCVyxHYhu",989966720,2022-09-25 22:52:12+00:00,en
"RT @JhessetEnano: Heartbreaking video from a farmer in Nueva Ecija, showing the rice paddies that they had worked hard on for months, befor‚Ä¶",1377984699226722308,2022-09-25 22:51:53+00:00,en
"RT @JhessetEnano: Heartbreaking video from a farmer in Nueva Ecija, showing the rice paddies that they had worked hard on for months, befor‚Ä¶",1496343665144643584,2022-09-25 22:51:51+00:00,en
"RT @ProfStrachan: #Vanuatu makes bold call for global treaty to phase out #fossilfuels 

""President of #Pacific Island Nation urges countri‚Ä¶",2377965165,2022-09-25 22:51:45+00:00,en
"#WEMUSTBEUNITED
ALL SLAVES MUST OBEY
#ALLSLAVESMUSTOBEY
#DemocratCities
#ClimateChange
#PutinFault
#PANAMA
https://t.co/nUDpQHycfL https://t.co/VgHuvFgyXh
#ThankATrucker #Freedom
#Agenda2030 #DutchLand #FreedomConvoy
#JustinTrudeau #D√©mission #RoeVsWade #MarthasVineyard https://t.co/1VfImfSfTI",989966720,2022-09-25 22:51:44+00:00,en
"RT @UNEP: #UNGA is an opportunity for governments, advocates and others to drive strong actions on the triple planetary crisis - #ClimateCh‚Ä¶",1229911038193090560,2022-09-25 22:51:29+00:00,en
"@jolenebuntinguk #WEMUSTBEUNITED
ALL SLAVES MUST OBEY
#ALLSLAVESMUSTOBEY
#DemocratCities
#ClimateChange
#PutinFault
#PANAMA
https://t.co/nUDpQHycfL https://t.co/VgHuvFgyXh
#ThankATrucker #Freedom
#Agenda2030 #DutchLand #FreedomConvoy
#JustinTrudeau #D√©mission #RoeVsWade #MarthasVineyard https://t.co/i6ZteHdJwO",989966720,2022-09-25 22:51:28+00:00,en
"RT @TanaSenn: The Congressional race in WA's 3rd CD is for the soul of America, I kid you not! 
* Marie Gluesenkamp Perez (D)--Latina mom,‚Ä¶",36513063,2022-09-25 22:51:03+00:00,en
"#WEMUSTBEUNITED
ALL SLAVES MUST OBEY
#ALLSLAVESMUSTOBEY
#DemocratCities
#ClimateChange
#PutinFault
#PANAMA
https://t.co/nUDpQHycfL https://t.co/VgHuvFgyXh
#ThankATrucker #Freedom
#Agenda2030 #DutchLand #FreedomConvoy
#JustinTrudeau #D√©mission #RoeVsWade #MarthasVineyard https://t.co/z2dQGm0c9V",989966720,2022-09-25 22:50:50+00:00,en
"@jolenebuntinguk #WEMUSTBEUNITED
ALL SLAVES MUST OBEY
#ALLSLAVESMUSTOBEY
#DemocratCities
#ClimateChange
#PutinFault
#PANAMA
https://t.co/nUDpQHgARb https://t.co/VgHuvEYXyH
#ThankATrucker #Freedom
#Agenda2030 #DutchLand #FreedomConvoy
#JustinTrudeau #D√©mission #RoeVsWade #MarthasVineyard",989966720,2022-09-25 22:50:33+00:00,en
RT @ClimateHealthNC: üì£ BREAKING NEWS: @EPA forms national office of #EnvironmentalJustice to address the disproportionate harm of #ClimateC‚Ä¶,730188024911429633,2022-09-25 22:50:29+00:00,en
"#WEMUSTBEUNITED
ALL SLAVES MUST OBEY
#ALLSLAVESMUSTOBEY
#DemocratCities
#ClimateChange
#PutinFault
#PANAMA
https://t.co/nUDpQHycfL https://t.co/VgHuvFgyXh
#ThankATrucker #Freedom
#Agenda2030 #DutchLand #FreedomConvoy
#JustinTrudeau #D√©mission #RoeVsWade #MarthasVineyard https://t.co/OngEnKPZCU",989966720,2022-09-25 22:50:24+00:00,en
"#ClimateChange is served. Hardly a day goes by without a tornado, flood, landslide, wildfire event. There is no planet B. #ClimateCrisis

https://t.co/le8P5nq9sK",1565791837935247362,2022-09-25 22:50:08+00:00,en
"RT @Dragofix: Air pollution can amplify negative effects of climate change, new study finds #environment #Airpollution #ClimateChange https‚Ä¶",1243221728148496388,2022-09-25 22:50:04+00:00,en
"RT @bullshitjobs: 1930: Systemic poverty, radicalization, collapse.
2022: Systemic poverty, radicalization, #bullshitjobs causing #climatec‚Ä¶",307197274,2022-09-25 22:49:59+00:00,en
"@jolenebuntinguk #WEMUSTBEUNITED
ALL SLAVES MUST OBEY
#ALLSLAVESMUSTOBEY
#DemocratCities
#ClimateChange
#PutinFault
#PANAMA
https://t.co/nUDpQHyK5j https://t.co/VgHuvFh6MP
#ThankATrucker #Freedom
#Agenda2030 #DutchLand #FreedomConvoy
#JustinTrudeau #D√©mission #RoeVsWade #MarthasVineyard",989966720,2022-09-25 22:49:44+00:00,en
"#WEMUSTBEUNITED
ALL SLAVES MUST OBEY
#ALLSLAVESMUSTOBEY
#DemocratCities
#ClimateChange
#PutinFault
#PANAMA
https://t.co/nUDpQHycfL https://t.co/VgHuvFgyXh
#ThankATrucker #Freedom
#Agenda2030 #DutchLand #FreedomConvoy
#JustinTrudeau #D√©mission #RoeVsWade #MarthasVineyard https://t.co/13hHQNcNBG",989966720,2022-09-25 22:49:35+00:00,en
"RT @ELPANAMEN0: @jolenebuntinguk #WEMUSTBEUNITED
ALL SLAVES MUST OBEY
#ALLSLAVESMUSTOBEY
#DemocratCities
#ClimateChange
#PutinFault
#PANAMA‚Ä¶",3073309118,2022-09-25 22:49:33+00:00,en
"@YouthforLifeNI2 @jolenebuntinguk #WEMUSTBEUNITED
ALL SLAVES MUST OBEY
#ALLSLAVESMUSTOBEY
#DemocratCities
#ClimateChange
#PutinFault
#PANAMA
https://t.co/nUDpQHycfL https://t.co/VgHuvFgyXh
#ThankATrucker #Freedom
#Agenda2030 #DutchLand #FreedomConvoy
#JustinTrudeau #D√©mission #RoeVsWade #MarthasVineyard",989966720,2022-09-25 22:49:20+00:00,en
"#WEMUSTBEUNITED
ALL SLAVES MUST OBEY
#ALLSLAVESMUSTOBEY
#DemocratCities
#ClimateChange
#PutinFault
#PANAMA
https://t.co/nUDpQHycfL https://t.co/VgHuvFgyXh
#ThankATrucker #Freedom
#Agenda2030 #DutchLand #FreedomConvoy
#JustinTrudeau #D√©mission #RoeVsWade #MarthasVineyard https://t.co/v9Zp6YzU1k",989966720,2022-09-25 22:49:11+00:00,en
"@jolenebuntinguk #WEMUSTBEUNITED
ALL SLAVES MUST OBEY
#ALLSLAVESMUSTOBEY
#DemocratCities
#ClimateChange
#PutinFault
#PANAMA
https://t.co/nUDpQHycfL https://t.co/VgHuvFgyXh
#ThankATrucker #Freedom
#Agenda2030 #DutchLand #FreedomConvoy
#JustinTrudeau #D√©mission #RoeVsWade #MarthasVineyard https://t.co/u3DzO4mGZP",989966720,2022-09-25 22:48:56+00:00,en
"RT @cheynman: Finally got around to reading this series. Excellent job, ‚Å¶@Sammy_Roth‚Å© and team! How #wind turbines in Wyoming could help Ca‚Ä¶",934122264794038277,2022-09-25 22:48:34+00:00,en
