,text,clean_text,Tweet_tokenized,Tweet_without_stop,Tweet_stemmed,Tweet_lemmatized
0,"RT @MikeHudema: The trains in the Netherlands are 100% #windpowered. Over 5,500 trips a day 100% #renewable.

We have the solutions. Implem‚Ä¶","RT MikeHudema The trains in the Netherlands are  windpowered Over  trips a day  renewable

We have the solutions Implem‚Ä¶","['rt', 'mikehudema', 'the', 'trains', 'in', 'the', 'netherlands', 'are', 'windpowered', 'over', 'trips', 'a', 'day', 'renewable', 'we', 'have', 'the', 'solutions', 'implem', '']","['rt', 'mikehudema', 'trains', 'netherlands', 'windpowered', 'trips', 'day', 'renewable', 'solutions', 'implem', '']","['rt', 'mikehudema', 'train', 'netherland', 'windpow', 'trip', 'day', 'renew', 'solut', 'implem', '']","['rt', 'mikehudema', 'train', 'netherlands', 'windpowered', 'trip', 'day', 'renewable', 'solution', 'implem', '']"
1,RT @sabaeitizaz: A third of #Pakistan is underwater due to cataclysmic floods. For a country whose contribution to global emissions is less‚Ä¶,RT sabaeitizaz A third of Pakistan is underwater due to cataclysmic floods For a country whose contribution to global emissions is less‚Ä¶,"['rt', 'sabaeitizaz', 'a', 'third', 'of', 'pakistan', 'is', 'underwater', 'due', 'to', 'cataclysmic', 'floods', 'for', 'a', 'country', 'whose', 'contribution', 'to', 'global', 'emissions', 'is', 'less', '']","['rt', 'sabaeitizaz', 'third', 'pakistan', 'underwater', 'due', 'cataclysmic', 'floods', 'country', 'whose', 'contribution', 'global', 'emissions', 'less', '']","['rt', 'sabaeitizaz', 'third', 'pakistan', 'underwat', 'due', 'cataclysm', 'flood', 'countri', 'whose', 'contribut', 'global', 'emiss', 'less', '']","['rt', 'sabaeitizaz', 'third', 'pakistan', 'underwater', 'due', 'cataclysmic', 'flood', 'country', 'whose', 'contribution', 'global', 'emission', 'le', '']"
2,"RT @samirsaran: A nexus of multiple crises: #Energy, #Debt, #Climate, #Food- Can the #G20 respond?

#Multilateralism undone by its custodia‚Ä¶","RT samirsaran A nexus of multiple crises Energy Debt Climate Food Can the G respond

Multilateralism undone by its custodia‚Ä¶","['rt', 'samirsaran', 'a', 'nexus', 'of', 'multiple', 'crises', 'energy', 'debt', 'climate', 'food', 'can', 'the', 'g', 'respond', 'multilateralism', 'undone', 'by', 'its', 'custodia', '']","['rt', 'samirsaran', 'nexus', 'multiple', 'crises', 'energy', 'debt', 'climate', 'food', 'g', 'respond', 'multilateralism', 'undone', 'custodia', '']","['rt', 'samirsaran', 'nexu', 'multipl', 'crise', 'energi', 'debt', 'climat', 'food', 'g', 'respond', 'multilater', 'undon', 'custodia', '']","['rt', 'samirsaran', 'nexus', 'multiple', 'crisis', 'energy', 'debt', 'climate', 'food', 'g', 'respond', 'multilateralism', 'undone', 'custodia', '']"
3,RT @pollyjhemming: Aus has an arbitrary defence spending 'target' of 2% of GDP every yr ($48bil in 2021) ‚Äì for stuff we'll probably never u‚Ä¶,RT pollyjhemming Aus has an arbitrary defence spending target of  of GDP every yr bil in  ‚Äì for stuff well probably never u‚Ä¶,"['rt', 'pollyjhemming', 'aus', 'has', 'an', 'arbitrary', 'defence', 'spending', 'target', 'of', 'of', 'gdp', 'every', 'yr', 'bil', 'in', 'for', 'stuff', 'well', 'probably', 'never', 'u', '']","['rt', 'pollyjhemming', 'aus', 'arbitrary', 'defence', 'spending', 'target', 'gdp', 'every', 'yr', 'bil', 'stuff', 'well', 'probably', 'never', 'u', '']","['rt', 'pollyjhem', 'au', 'arbitrari', 'defenc', 'spend', 'target', 'gdp', 'everi', 'yr', 'bil', 'stuff', 'well', 'probabl', 'never', 'u', '']","['rt', 'pollyjhemming', 'au', 'arbitrary', 'defence', 'spending', 'target', 'gdp', 'every', 'yr', 'bil', 'stuff', 'well', 'probably', 'never', 'u', '']"
4,"RT @MikeHudema: The trains in the Netherlands are 100% #windpowered. Over 5,500 trips a day 100% #renewable.

We have the solutions. Implem‚Ä¶","RT MikeHudema The trains in the Netherlands are  windpowered Over  trips a day  renewable

We have the solutions Implem‚Ä¶","['rt', 'mikehudema', 'the', 'trains', 'in', 'the', 'netherlands', 'are', 'windpowered', 'over', 'trips', 'a', 'day', 'renewable', 'we', 'have', 'the', 'solutions', 'implem', '']","['rt', 'mikehudema', 'trains', 'netherlands', 'windpowered', 'trips', 'day', 'renewable', 'solutions', 'implem', '']","['rt', 'mikehudema', 'train', 'netherland', 'windpow', 'trip', 'day', 'renew', 'solut', 'implem', '']","['rt', 'mikehudema', 'train', 'netherlands', 'windpowered', 'trip', 'day', 'renewable', 'solution', 'implem', '']"
5,RT @MikeHudema: 98% of Costa Rica's power already comes from #renewables. Half of the land is covered by forest. They're aiming to transfor‚Ä¶,RT MikeHudema  of Costa Ricas power already comes from renewables Half of the land is covered by forest Theyre aiming to transfor‚Ä¶,"['rt', 'mikehudema', 'of', 'costa', 'ricas', 'power', 'already', 'comes', 'from', 'renewables', 'half', 'of', 'the', 'land', 'is', 'covered', 'by', 'forest', 'theyre', 'aiming', 'to', 'transfor', '']","['rt', 'mikehudema', 'costa', 'ricas', 'power', 'already', 'comes', 'renewables', 'half', 'land', 'covered', 'forest', 'theyre', 'aiming', 'transfor', '']","['rt', 'mikehudema', 'costa', 'rica', 'power', 'alreadi', 'come', 'renew', 'half', 'land', 'cover', 'forest', 'theyr', 'aim', 'transfor', '']","['rt', 'mikehudema', 'costa', 'ricas', 'power', 'already', 'come', 'renewables', 'half', 'land', 'covered', 'forest', 'theyre', 'aiming', 'transfor', '']"
6,"RT @EarthKeeper22: When you have to carry your own #water, you #understand the #value of every drop... ü¶ãLJC

#Climate #FossilFuels #Frackin‚Ä¶","RT EarthKeeper When you have to carry your own water you understand the value of every drop ü¶ãLJC

Climate FossilFuels Frackin‚Ä¶","['rt', 'earthkeeper', 'when', 'you', 'have', 'to', 'carry', 'your', 'own', 'water', 'you', 'understand', 'the', 'value', 'of', 'every', 'drop', 'ljc', 'climate', 'fossilfuels', 'frackin', '']","['rt', 'earthkeeper', 'carry', 'water', 'understand', 'value', 'every', 'drop', 'ljc', 'climate', 'fossilfuels', 'frackin', '']","['rt', 'earthkeep', 'carri', 'water', 'understand', 'valu', 'everi', 'drop', 'ljc', 'climat', 'fossilfuel', 'frackin', '']","['rt', 'earthkeeper', 'carry', 'water', 'understand', 'value', 'every', 'drop', 'ljc', 'climate', 'fossilfuels', 'frackin', '']"
7,"RT @MikeHudema: This mobile #solar plant can be set up anywhere and generate 3x the power of a domestic solar array.

We have the solutions‚Ä¶","RT MikeHudema This mobile solar plant can be set up anywhere and generate x the power of a domestic solar array

We have the solutions‚Ä¶","['rt', 'mikehudema', 'this', 'mobile', 'solar', 'plant', 'can', 'be', 'set', 'up', 'anywhere', 'and', 'generate', 'x', 'the', 'power', 'of', 'a', 'domestic', 'solar', 'array', 'we', 'have', 'the', 'solutions', '']","['rt', 'mikehudema', 'mobile', 'solar', 'plant', 'set', 'anywhere', 'generate', 'x', 'power', 'domestic', 'solar', 'array', 'solutions', '']","['rt', 'mikehudema', 'mobil', 'solar', 'plant', 'set', 'anywher', 'gener', 'x', 'power', 'domest', 'solar', 'array', 'solut', '']","['rt', 'mikehudema', 'mobile', 'solar', 'plant', 'set', 'anywhere', 'generate', 'x', 'power', 'domestic', 'solar', 'array', 'solution', '']"
8,"RT @IFPRISAO: #HappeningNow 
Women farmers are a crucial resource in #agriculture &amp; to build sustainable, #climate-resilient #foodsystems.‚Ä¶","RT IFPRISAO HappeningNow 
Women farmers are a crucial resource in agriculture amp to build sustainable climateresilient foodsystems‚Ä¶","['rt', 'ifprisao', 'happeningnow', 'women', 'farmers', 'are', 'a', 'crucial', 'resource', 'in', 'agriculture', 'amp', 'to', 'build', 'sustainable', 'climateresilient', 'foodsystems', '']","['rt', 'ifprisao', 'happeningnow', 'women', 'farmers', 'crucial', 'resource', 'agriculture', 'amp', 'build', 'sustainable', 'climateresilient', 'foodsystems', '']","['rt', 'ifprisao', 'happeningnow', 'women', 'farmer', 'crucial', 'resourc', 'agricultur', 'amp', 'build', 'sustain', 'climateresili', 'foodsystem', '']","['rt', 'ifprisao', 'happeningnow', 'woman', 'farmer', 'crucial', 'resource', 'agriculture', 'amp', 'build', 'sustainable', 'climateresilient', 'foodsystems', '']"
9,"RT @MikeHudema: Over 11,000 scientists from 153 countries have banded together to declare a #climateemergency. Listen to them.

There is no‚Ä¶","RT MikeHudema Over  scientists from  countries have banded together to declare a climateemergency Listen to them

There is no‚Ä¶","['rt', 'mikehudema', 'over', 'scientists', 'from', 'countries', 'have', 'banded', 'together', 'to', 'declare', 'a', 'climateemergency', 'listen', 'to', 'them', 'there', 'is', 'no', '']","['rt', 'mikehudema', 'scientists', 'countries', 'banded', 'together', 'declare', 'climateemergency', 'listen', '']","['rt', 'mikehudema', 'scientist', 'countri', 'band', 'togeth', 'declar', 'climateemerg', 'listen', '']","['rt', 'mikehudema', 'scientist', 'country', 'banded', 'together', 'declare', 'climateemergency', 'listen', '']"
10,"RT @MikeHudema: The trains in the Netherlands are 100% #windpowered. Over 5,500 trips a day 100% #renewable.

We have the solutions. Implem‚Ä¶","RT MikeHudema The trains in the Netherlands are  windpowered Over  trips a day  renewable

We have the solutions Implem‚Ä¶","['rt', 'mikehudema', 'the', 'trains', 'in', 'the', 'netherlands', 'are', 'windpowered', 'over', 'trips', 'a', 'day', 'renewable', 'we', 'have', 'the', 'solutions', 'implem', '']","['rt', 'mikehudema', 'trains', 'netherlands', 'windpowered', 'trips', 'day', 'renewable', 'solutions', 'implem', '']","['rt', 'mikehudema', 'train', 'netherland', 'windpow', 'trip', 'day', 'renew', 'solut', 'implem', '']","['rt', 'mikehudema', 'train', 'netherlands', 'windpowered', 'trip', 'day', 'renewable', 'solution', 'implem', '']"
11,"RT @MikeHudema: Over 11,000 scientists from 153 countries have banded together to declare a #climateemergency. Listen to them.

There is no‚Ä¶","RT MikeHudema Over  scientists from  countries have banded together to declare a climateemergency Listen to them

There is no‚Ä¶","['rt', 'mikehudema', 'over', 'scientists', 'from', 'countries', 'have', 'banded', 'together', 'to', 'declare', 'a', 'climateemergency', 'listen', 'to', 'them', 'there', 'is', 'no', '']","['rt', 'mikehudema', 'scientists', 'countries', 'banded', 'together', 'declare', 'climateemergency', 'listen', '']","['rt', 'mikehudema', 'scientist', 'countri', 'band', 'togeth', 'declar', 'climateemerg', 'listen', '']","['rt', 'mikehudema', 'scientist', 'country', 'banded', 'together', 'declare', 'climateemergency', 'listen', '']"
12,"RT @MikeHudema: Over 11,000 scientists from 153 countries have banded together to declare a #climateemergency. Listen to them.

There is no‚Ä¶","RT MikeHudema Over  scientists from  countries have banded together to declare a climateemergency Listen to them

There is no‚Ä¶","['rt', 'mikehudema', 'over', 'scientists', 'from', 'countries', 'have', 'banded', 'together', 'to', 'declare', 'a', 'climateemergency', 'listen', 'to', 'them', 'there', 'is', 'no', '']","['rt', 'mikehudema', 'scientists', 'countries', 'banded', 'together', 'declare', 'climateemergency', 'listen', '']","['rt', 'mikehudema', 'scientist', 'countri', 'band', 'togeth', 'declar', 'climateemerg', 'listen', '']","['rt', 'mikehudema', 'scientist', 'country', 'banded', 'together', 'declare', 'climateemergency', 'listen', '']"
13,"RT @AustNuclear: Weather research in space :) 

#AustralianSpaceIndustry #HerSpaceAus #WomenInSTEM #WomenInSpace #climate https://t.co/MRk6‚Ä¶","RT AustNuclear Weather research in space  

AustralianSpaceIndustry HerSpaceAus WomenInSTEM WomenInSpace climate httpstcoMRk‚Ä¶","['rt', 'austnuclear', 'weather', 'research', 'in', 'space', 'australianspaceindustry', 'herspaceaus', 'womeninstem', 'womeninspace', 'climate', 'httpstcomrk', '']","['rt', 'austnuclear', 'weather', 'research', 'space', 'australianspaceindustry', 'herspaceaus', 'womeninstem', 'womeninspace', 'climate', 'httpstcomrk', '']","['rt', 'austnuclear', 'weather', 'research', 'space', 'australianspaceindustri', 'herspaceau', 'womeninstem', 'womeninspac', 'climat', 'httpstcomrk', '']","['rt', 'austnuclear', 'weather', 'research', 'space', 'australianspaceindustry', 'herspaceaus', 'womeninstem', 'womeninspace', 'climate', 'httpstcomrk', '']"
14,"Weather research in space :) 

#AustralianSpaceIndustry #HerSpaceAus #WomenInSTEM #WomenInSpace #climate https://t.co/MRk60UHWlw","Weather research in space  

AustralianSpaceIndustry HerSpaceAus WomenInSTEM WomenInSpace climate httpstcoMRkUHWlw","['weather', 'research', 'in', 'space', 'australianspaceindustry', 'herspaceaus', 'womeninstem', 'womeninspace', 'climate', 'httpstcomrkuhwlw']","['weather', 'research', 'space', 'australianspaceindustry', 'herspaceaus', 'womeninstem', 'womeninspace', 'climate', 'httpstcomrkuhwlw']","['weather', 'research', 'space', 'australianspaceindustri', 'herspaceau', 'womeninstem', 'womeninspac', 'climat', 'httpstcomrkuhwlw']","['weather', 'research', 'space', 'australianspaceindustry', 'herspaceaus', 'womeninstem', 'womeninspace', 'climate', 'httpstcomrkuhwlw']"
15,"RT @NiklasSWE1: Here we go again - ""Two weeks to flatten the curve""...

#NWO #Climate #AccordingToPlan https://t.co/9zh8flkoRh","RT NiklasSWE Here we go again  Two weeks to flatten the curve

NWO Climate AccordingToPlan httpstcozhflkoRh","['rt', 'niklasswe', 'here', 'we', 'go', 'again', 'two', 'weeks', 'to', 'flatten', 'the', 'curve', 'nwo', 'climate', 'accordingtoplan', 'httpstcozhflkorh']","['rt', 'niklasswe', 'go', 'two', 'weeks', 'flatten', 'curve', 'nwo', 'climate', 'accordingtoplan', 'httpstcozhflkorh']","['rt', 'niklassw', 'go', 'two', 'week', 'flatten', 'curv', 'nwo', 'climat', 'accordingtoplan', 'httpstcozhflkorh']","['rt', 'niklasswe', 'go', 'two', 'week', 'flatten', 'curve', 'nwo', 'climate', 'accordingtoplan', 'httpstcozhflkorh']"
16,"#Kerala is situated on the #southwestern tip of the #Indian peninsula. It is flanked by the Arabian Sea on the west, #Karnataka on the north and #northeast, and Tamil Nadu on the east.
Its location gives its unique #climate and #geographical features. 
https://t.co/EfAaPl1y9y","Kerala is situated on the southwestern tip of the Indian peninsula It is flanked by the Arabian Sea on the west Karnataka on the north and northeast and Tamil Nadu on the east
Its location gives its unique climate and geographical features 
httpstcoEfAaPlyy","['kerala', 'is', 'situated', 'on', 'the', 'southwestern', 'tip', 'of', 'the', 'indian', 'peninsula', 'it', 'is', 'flanked', 'by', 'the', 'arabian', 'sea', 'on', 'the', 'west', 'karnataka', 'on', 'the', 'north', 'and', 'northeast', 'and', 'tamil', 'nadu', 'on', 'the', 'east', 'its', 'location', 'gives', 'its', 'unique', 'climate', 'and', 'geographical', 'features', 'httpstcoefaaplyy']","['kerala', 'situated', 'southwestern', 'tip', 'indian', 'peninsula', 'flanked', 'arabian', 'sea', 'west', 'karnataka', 'north', 'northeast', 'tamil', 'nadu', 'east', 'location', 'gives', 'unique', 'climate', 'geographical', 'features', 'httpstcoefaaplyy']","['kerala', 'situat', 'southwestern', 'tip', 'indian', 'peninsula', 'flank', 'arabian', 'sea', 'west', 'karnataka', 'north', 'northeast', 'tamil', 'nadu', 'east', 'locat', 'give', 'uniqu', 'climat', 'geograph', 'featur', 'httpstcoefaaplyy']","['kerala', 'situated', 'southwestern', 'tip', 'indian', 'peninsula', 'flanked', 'arabian', 'sea', 'west', 'karnataka', 'north', 'northeast', 'tamil', 'nadu', 'east', 'location', 'give', 'unique', 'climate', 'geographical', 'feature', 'httpstcoefaaplyy']"
17,"RT @MikeHudema: The trains in the Netherlands are 100% #windpowered. Over 5,500 trips a day 100% #renewable.

We have the solutions. Implem‚Ä¶","RT MikeHudema The trains in the Netherlands are  windpowered Over  trips a day  renewable

We have the solutions Implem‚Ä¶","['rt', 'mikehudema', 'the', 'trains', 'in', 'the', 'netherlands', 'are', 'windpowered', 'over', 'trips', 'a', 'day', 'renewable', 'we', 'have', 'the', 'solutions', 'implem', '']","['rt', 'mikehudema', 'trains', 'netherlands', 'windpowered', 'trips', 'day', 'renewable', 'solutions', 'implem', '']","['rt', 'mikehudema', 'train', 'netherland', 'windpow', 'trip', 'day', 'renew', 'solut', 'implem', '']","['rt', 'mikehudema', 'train', 'netherlands', 'windpowered', 'trip', 'day', 'renewable', 'solution', 'implem', '']"
18,"RT @MikeHudema: The trains in the Netherlands are 100% #windpowered. Over 5,500 trips a day 100% #renewable.

We have the solutions. Implem‚Ä¶","RT MikeHudema The trains in the Netherlands are  windpowered Over  trips a day  renewable

We have the solutions Implem‚Ä¶","['rt', 'mikehudema', 'the', 'trains', 'in', 'the', 'netherlands', 'are', 'windpowered', 'over', 'trips', 'a', 'day', 'renewable', 'we', 'have', 'the', 'solutions', 'implem', '']","['rt', 'mikehudema', 'trains', 'netherlands', 'windpowered', 'trips', 'day', 'renewable', 'solutions', 'implem', '']","['rt', 'mikehudema', 'train', 'netherland', 'windpow', 'trip', 'day', 'renew', 'solut', 'implem', '']","['rt', 'mikehudema', 'train', 'netherlands', 'windpowered', 'trip', 'day', 'renewable', 'solution', 'implem', '']"
19,"RT @MikeHudema: The trains in the Netherlands are 100% #windpowered. Over 5,500 trips a day 100% #renewable.

We have the solutions. Implem‚Ä¶","RT MikeHudema The trains in the Netherlands are  windpowered Over  trips a day  renewable

We have the solutions Implem‚Ä¶","['rt', 'mikehudema', 'the', 'trains', 'in', 'the', 'netherlands', 'are', 'windpowered', 'over', 'trips', 'a', 'day', 'renewable', 'we', 'have', 'the', 'solutions', 'implem', '']","['rt', 'mikehudema', 'trains', 'netherlands', 'windpowered', 'trips', 'day', 'renewable', 'solutions', 'implem', '']","['rt', 'mikehudema', 'train', 'netherland', 'windpow', 'trip', 'day', 'renew', 'solut', 'implem', '']","['rt', 'mikehudema', 'train', 'netherlands', 'windpowered', 'trip', 'day', 'renewable', 'solution', 'implem', '']"
20,"RT @MikeHudema: The trains in the Netherlands are 100% #windpowered. Over 5,500 trips a day 100% #renewable.

We have the solutions. Implem‚Ä¶","RT MikeHudema The trains in the Netherlands are  windpowered Over  trips a day  renewable

We have the solutions Implem‚Ä¶","['rt', 'mikehudema', 'the', 'trains', 'in', 'the', 'netherlands', 'are', 'windpowered', 'over', 'trips', 'a', 'day', 'renewable', 'we', 'have', 'the', 'solutions', 'implem', '']","['rt', 'mikehudema', 'trains', 'netherlands', 'windpowered', 'trips', 'day', 'renewable', 'solutions', 'implem', '']","['rt', 'mikehudema', 'train', 'netherland', 'windpow', 'trip', 'day', 'renew', 'solut', 'implem', '']","['rt', 'mikehudema', 'train', 'netherlands', 'windpowered', 'trip', 'day', 'renewable', 'solution', 'implem', '']"
21,RT @MikeHudema: 98% of Costa Rica's power already comes from #renewables. Half of the land is covered by forest. They're aiming to transfor‚Ä¶,RT MikeHudema  of Costa Ricas power already comes from renewables Half of the land is covered by forest Theyre aiming to transfor‚Ä¶,"['rt', 'mikehudema', 'of', 'costa', 'ricas', 'power', 'already', 'comes', 'from', 'renewables', 'half', 'of', 'the', 'land', 'is', 'covered', 'by', 'forest', 'theyre', 'aiming', 'to', 'transfor', '']","['rt', 'mikehudema', 'costa', 'ricas', 'power', 'already', 'comes', 'renewables', 'half', 'land', 'covered', 'forest', 'theyre', 'aiming', 'transfor', '']","['rt', 'mikehudema', 'costa', 'rica', 'power', 'alreadi', 'come', 'renew', 'half', 'land', 'cover', 'forest', 'theyr', 'aim', 'transfor', '']","['rt', 'mikehudema', 'costa', 'ricas', 'power', 'already', 'come', 'renewables', 'half', 'land', 'covered', 'forest', 'theyre', 'aiming', 'transfor', '']"
22,"RT @UnitExpEmerServ: ‚ùìWhy was there no early #warning &amp; timely evacuation of #people?
If we combine the #experience of all #EmergencyServic‚Ä¶","RT UnitExpEmerServ ‚ùìWhy was there no early warning amp timely evacuation of people
If we combine the experience of all EmergencyServic‚Ä¶","['rt', 'unitexpemerserv', 'why', 'was', 'there', 'no', 'early', 'warning', 'amp', 'timely', 'evacuation', 'of', 'people', 'if', 'we', 'combine', 'the', 'experience', 'of', 'all', 'emergencyservic', '']","['rt', 'unitexpemerserv', 'early', 'warning', 'amp', 'timely', 'evacuation', 'people', 'combine', 'experience', 'emergencyservic', '']","['rt', 'unitexpemerserv', 'earli', 'warn', 'amp', 'time', 'evacu', 'peopl', 'combin', 'experi', 'emergencyserv', '']","['rt', 'unitexpemerserv', 'early', 'warning', 'amp', 'timely', 'evacuation', 'people', 'combine', 'experience', 'emergencyservic', '']"
23,"RT @UNCCD: üö® The world is falling behind on achieving Sustainable Development Goals. 

üå± Land restoration offers a holistic solution. It br‚Ä¶","RT UNCCD üö® The world is falling behind on achieving Sustainable Development Goals 

üå± Land restoration offers a holistic solution It br‚Ä¶","['rt', 'unccd', 'the', 'world', 'is', 'falling', 'behind', 'on', 'achieving', 'sustainable', 'development', 'goals', 'land', 'restoration', 'offers', 'a', 'holistic', 'solution', 'it', 'br', '']","['rt', 'unccd', 'world', 'falling', 'behind', 'achieving', 'sustainable', 'development', 'goals', 'land', 'restoration', 'offers', 'holistic', 'solution', 'br', '']","['rt', 'unccd', 'world', 'fall', 'behind', 'achiev', 'sustain', 'develop', 'goal', 'land', 'restor', 'offer', 'holist', 'solut', 'br', '']","['rt', 'unccd', 'world', 'falling', 'behind', 'achieving', 'sustainable', 'development', 'goal', 'land', 'restoration', 'offer', 'holistic', 'solution', 'br', '']"
24,RT @sabaeitizaz: A third of #Pakistan is underwater due to cataclysmic floods. For a country whose contribution to global emissions is less‚Ä¶,RT sabaeitizaz A third of Pakistan is underwater due to cataclysmic floods For a country whose contribution to global emissions is less‚Ä¶,"['rt', 'sabaeitizaz', 'a', 'third', 'of', 'pakistan', 'is', 'underwater', 'due', 'to', 'cataclysmic', 'floods', 'for', 'a', 'country', 'whose', 'contribution', 'to', 'global', 'emissions', 'is', 'less', '']","['rt', 'sabaeitizaz', 'third', 'pakistan', 'underwater', 'due', 'cataclysmic', 'floods', 'country', 'whose', 'contribution', 'global', 'emissions', 'less', '']","['rt', 'sabaeitizaz', 'third', 'pakistan', 'underwat', 'due', 'cataclysm', 'flood', 'countri', 'whose', 'contribut', 'global', 'emiss', 'less', '']","['rt', 'sabaeitizaz', 'third', 'pakistan', 'underwater', 'due', 'cataclysmic', 'flood', 'country', 'whose', 'contribution', 'global', 'emission', 'le', '']"
25,"RT @MikeHudema: This former open-cast lignite mine is going to be converted into the largest #renewable power plant in Europe - 650 MW. 

W‚Ä¶","RT MikeHudema This former opencast lignite mine is going to be converted into the largest renewable power plant in Europe   MW 

W‚Ä¶","['rt', 'mikehudema', 'this', 'former', 'opencast', 'lignite', 'mine', 'is', 'going', 'to', 'be', 'converted', 'into', 'the', 'largest', 'renewable', 'power', 'plant', 'in', 'europe', 'mw', 'w', '']","['rt', 'mikehudema', 'former', 'opencast', 'lignite', 'mine', 'going', 'converted', 'largest', 'renewable', 'power', 'plant', 'europe', 'mw', 'w', '']","['rt', 'mikehudema', 'former', 'opencast', 'lignit', 'mine', 'go', 'convert', 'largest', 'renew', 'power', 'plant', 'europ', 'mw', 'w', '']","['rt', 'mikehudema', 'former', 'opencast', 'lignite', 'mine', 'going', 'converted', 'largest', 'renewable', 'power', 'plant', 'europe', 'mw', 'w', '']"
26,"RT @MikeHudema: The trains in the Netherlands are 100% #windpowered. Over 5,500 trips a day 100% #renewable.

We have the solutions. Implem‚Ä¶","RT MikeHudema The trains in the Netherlands are  windpowered Over  trips a day  renewable

We have the solutions Implem‚Ä¶","['rt', 'mikehudema', 'the', 'trains', 'in', 'the', 'netherlands', 'are', 'windpowered', 'over', 'trips', 'a', 'day', 'renewable', 'we', 'have', 'the', 'solutions', 'implem', '']","['rt', 'mikehudema', 'trains', 'netherlands', 'windpowered', 'trips', 'day', 'renewable', 'solutions', 'implem', '']","['rt', 'mikehudema', 'train', 'netherland', 'windpow', 'trip', 'day', 'renew', 'solut', 'implem', '']","['rt', 'mikehudema', 'train', 'netherlands', 'windpowered', 'trip', 'day', 'renewable', 'solution', 'implem', '']"
27,"Without immediate #climate action, #global food insecurity is only going to worsen. #Food security, especially in low-lying coastal areas and small #islands, is intrinsically tied to climate change and #sea level rise https://t.co/7FlvG2iZWN",Without immediate climate action global food insecurity is only going to worsen Food security especially in lowlying coastal areas and small islands is intrinsically tied to climate change and sea level rise httpstcoFlvGiZWN,"['without', 'immediate', 'climate', 'action', 'global', 'food', 'insecurity', 'is', 'only', 'going', 'to', 'worsen', 'food', 'security', 'especially', 'in', 'lowlying', 'coastal', 'areas', 'and', 'small', 'islands', 'is', 'intrinsically', 'tied', 'to', 'climate', 'change', 'and', 'sea', 'level', 'rise', 'httpstcoflvgizwn']","['without', 'immediate', 'climate', 'action', 'global', 'food', 'insecurity', 'going', 'worsen', 'food', 'security', 'especially', 'lowlying', 'coastal', 'areas', 'small', 'islands', 'intrinsically', 'tied', 'climate', 'change', 'sea', 'level', 'rise', 'httpstcoflvgizwn']","['without', 'immedi', 'climat', 'action', 'global', 'food', 'insecur', 'go', 'worsen', 'food', 'secur', 'especi', 'lowli', 'coastal', 'area', 'small', 'island', 'intrins', 'tie', 'climat', 'chang', 'sea', 'level', 'rise', 'httpstcoflvgizwn']","['without', 'immediate', 'climate', 'action', 'global', 'food', 'insecurity', 'going', 'worsen', 'food', 'security', 'especially', 'lowlying', 'coastal', 'area', 'small', 'island', 'intrinsically', 'tied', 'climate', 'change', 'sea', 'level', 'rise', 'httpstcoflvgizwn']"
28,"RT @MikeHudema: The trains in the Netherlands are 100% #windpowered. Over 5,500 trips a day 100% #renewable.

We have the solutions. Implem‚Ä¶","RT MikeHudema The trains in the Netherlands are  windpowered Over  trips a day  renewable

We have the solutions Implem‚Ä¶","['rt', 'mikehudema', 'the', 'trains', 'in', 'the', 'netherlands', 'are', 'windpowered', 'over', 'trips', 'a', 'day', 'renewable', 'we', 'have', 'the', 'solutions', 'implem', '']","['rt', 'mikehudema', 'trains', 'netherlands', 'windpowered', 'trips', 'day', 'renewable', 'solutions', 'implem', '']","['rt', 'mikehudema', 'train', 'netherland', 'windpow', 'trip', 'day', 'renew', 'solut', 'implem', '']","['rt', 'mikehudema', 'train', 'netherlands', 'windpowered', 'trip', 'day', 'renewable', 'solution', 'implem', '']"
29,"Just about everybody understands that getting off #FossilFuels is central to our #climate goals. What few people understand, however, is that we won‚Äôt be able to do it without fundamentally changing our buildings.
https://t.co/v5ylfdGCS3 #ElectrifyEverything #RenewableEnergy","Just about everybody understands that getting off FossilFuels is central to our climate goals What few people understand however is that we won‚Äôt be able to do it without fundamentally changing our buildings
httpstcovylfdGCS ElectrifyEverything RenewableEnergy","['just', 'about', 'everybody', 'understands', 'that', 'getting', 'off', 'fossilfuels', 'is', 'central', 'to', 'our', 'climate', 'goals', 'what', 'few', 'people', 'understand', 'however', 'is', 'that', 'we', 'won', 't', 'be', 'able', 'to', 'do', 'it', 'without', 'fundamentally', 'changing', 'our', 'buildings', 'httpstcovylfdgcs', 'electrifyeverything', 'renewableenergy']","['everybody', 'understands', 'getting', 'fossilfuels', 'central', 'climate', 'goals', 'people', 'understand', 'however', 'able', 'without', 'fundamentally', 'changing', 'buildings', 'httpstcovylfdgcs', 'electrifyeverything', 'renewableenergy']","['everybodi', 'understand', 'get', 'fossilfuel', 'central', 'climat', 'goal', 'peopl', 'understand', 'howev', 'abl', 'without', 'fundament', 'chang', 'build', 'httpstcovylfdgc', 'electrifyeveryth', 'renewableenergi']","['everybody', 'understands', 'getting', 'fossilfuels', 'central', 'climate', 'goal', 'people', 'understand', 'however', 'able', 'without', 'fundamentally', 'changing', 'building', 'httpstcovylfdgcs', 'electrifyeverything', 'renewableenergy']"
30,"RT @Sdg13Un: #GlobalWarming

Humanity healed the #ozone hole. 
Can we do the same for #climate change?
 
via 
@physorg_com 
https://t.co/kH‚Ä¶","RT SdgUn GlobalWarming

Humanity healed the ozone hole 
Can we do the same for climate change
 
via 
physorgcom 
httpstcokH‚Ä¶","['rt', 'sdgun', 'globalwarming', 'humanity', 'healed', 'the', 'ozone', 'hole', 'can', 'we', 'do', 'the', 'same', 'for', 'climate', 'change', 'via', 'physorgcom', 'httpstcokh', '']","['rt', 'sdgun', 'globalwarming', 'humanity', 'healed', 'ozone', 'hole', 'climate', 'change', 'via', 'physorgcom', 'httpstcokh', '']","['rt', 'sdgun', 'globalwarm', 'human', 'heal', 'ozon', 'hole', 'climat', 'chang', 'via', 'physorgcom', 'httpstcokh', '']","['rt', 'sdgun', 'globalwarming', 'humanity', 'healed', 'ozone', 'hole', 'climate', 'change', 'via', 'physorgcom', 'httpstcokh', '']"
31,"RT @MikeHudema: Last year the world's largest iceberg, 8 times the size of New York, containing a trillion tons of ice, melted completely.‚Ä¶",RT MikeHudema Last year the worlds largest iceberg  times the size of New York containing a trillion tons of ice melted completely‚Ä¶,"['rt', 'mikehudema', 'last', 'year', 'the', 'worlds', 'largest', 'iceberg', 'times', 'the', 'size', 'of', 'new', 'york', 'containing', 'a', 'trillion', 'tons', 'of', 'ice', 'melted', 'completely', '']","['rt', 'mikehudema', 'last', 'year', 'worlds', 'largest', 'iceberg', 'times', 'size', 'new', 'york', 'containing', 'trillion', 'tons', 'ice', 'melted', 'completely', '']","['rt', 'mikehudema', 'last', 'year', 'world', 'largest', 'iceberg', 'time', 'size', 'new', 'york', 'contain', 'trillion', 'ton', 'ice', 'melt', 'complet', '']","['rt', 'mikehudema', 'last', 'year', 'world', 'largest', 'iceberg', 'time', 'size', 'new', 'york', 'containing', 'trillion', 'ton', 'ice', 'melted', 'completely', '']"
32,"RT @ORFMumbai: .@harshvshringla: Whether in the #Gulf or the sub-continent, the consequences of #climate change are being felt everywhere.‚Ä¶",RT ORFMumbai harshvshringla Whether in the Gulf or the subcontinent the consequences of climate change are being felt everywhere‚Ä¶,"['rt', 'orfmumbai', 'harshvshringla', 'whether', 'in', 'the', 'gulf', 'or', 'the', 'subcontinent', 'the', 'consequences', 'of', 'climate', 'change', 'are', 'being', 'felt', 'everywhere', '']","['rt', 'orfmumbai', 'harshvshringla', 'whether', 'gulf', 'subcontinent', 'consequences', 'climate', 'change', 'felt', 'everywhere', '']","['rt', 'orfmumbai', 'harshvshringla', 'whether', 'gulf', 'subcontin', 'consequ', 'climat', 'chang', 'felt', 'everywher', '']","['rt', 'orfmumbai', 'harshvshringla', 'whether', 'gulf', 'subcontinent', 'consequence', 'climate', 'change', 'felt', 'everywhere', '']"
33,"RT @flindersbgl: Thinking about doing a #PhD? Meet some of amazing PhD supervisors. First up @cassandra_star Director, the Climate &amp; Sustai‚Ä¶",RT flindersbgl Thinking about doing a PhD Meet some of amazing PhD supervisors First up cassandrastar Director the Climate amp Sustai‚Ä¶,"['rt', 'flindersbgl', 'thinking', 'about', 'doing', 'a', 'phd', 'meet', 'some', 'of', 'amazing', 'phd', 'supervisors', 'first', 'up', 'cassandrastar', 'director', 'the', 'climate', 'amp', 'sustai', '']","['rt', 'flindersbgl', 'thinking', 'phd', 'meet', 'amazing', 'phd', 'supervisors', 'first', 'cassandrastar', 'director', 'climate', 'amp', 'sustai', '']","['rt', 'flindersbgl', 'think', 'phd', 'meet', 'amaz', 'phd', 'supervisor', 'first', 'cassandrastar', 'director', 'climat', 'amp', 'sustai', '']","['rt', 'flindersbgl', 'thinking', 'phd', 'meet', 'amazing', 'phd', 'supervisor', 'first', 'cassandrastar', 'director', 'climate', 'amp', 'sustai', '']"
34,"RT @MikeHudema: The trains in the Netherlands are 100% #windpowered. Over 5,500 trips a day 100% #renewable.

We have the solutions. Implem‚Ä¶","RT MikeHudema The trains in the Netherlands are  windpowered Over  trips a day  renewable

We have the solutions Implem‚Ä¶","['rt', 'mikehudema', 'the', 'trains', 'in', 'the', 'netherlands', 'are', 'windpowered', 'over', 'trips', 'a', 'day', 'renewable', 'we', 'have', 'the', 'solutions', 'implem', '']","['rt', 'mikehudema', 'trains', 'netherlands', 'windpowered', 'trips', 'day', 'renewable', 'solutions', 'implem', '']","['rt', 'mikehudema', 'train', 'netherland', 'windpow', 'trip', 'day', 'renew', 'solut', 'implem', '']","['rt', 'mikehudema', 'train', 'netherlands', 'windpowered', 'trip', 'day', 'renewable', 'solution', 'implem', '']"
35,"RT @MikeHudema: The trains in the Netherlands are 100% #windpowered. Over 5,500 trips a day 100% #renewable.

We have the solutions. Implem‚Ä¶","RT MikeHudema The trains in the Netherlands are  windpowered Over  trips a day  renewable

We have the solutions Implem‚Ä¶","['rt', 'mikehudema', 'the', 'trains', 'in', 'the', 'netherlands', 'are', 'windpowered', 'over', 'trips', 'a', 'day', 'renewable', 'we', 'have', 'the', 'solutions', 'implem', '']","['rt', 'mikehudema', 'trains', 'netherlands', 'windpowered', 'trips', 'day', 'renewable', 'solutions', 'implem', '']","['rt', 'mikehudema', 'train', 'netherland', 'windpow', 'trip', 'day', 'renew', 'solut', 'implem', '']","['rt', 'mikehudema', 'train', 'netherlands', 'windpowered', 'trip', 'day', 'renewable', 'solution', 'implem', '']"
36,"RT @MikeHudema: Over 11,000 scientists from 153 countries have banded together to declare a #climateemergency. Listen to them.

There is no‚Ä¶","RT MikeHudema Over  scientists from  countries have banded together to declare a climateemergency Listen to them

There is no‚Ä¶","['rt', 'mikehudema', 'over', 'scientists', 'from', 'countries', 'have', 'banded', 'together', 'to', 'declare', 'a', 'climateemergency', 'listen', 'to', 'them', 'there', 'is', 'no', '']","['rt', 'mikehudema', 'scientists', 'countries', 'banded', 'together', 'declare', 'climateemergency', 'listen', '']","['rt', 'mikehudema', 'scientist', 'countri', 'band', 'togeth', 'declar', 'climateemerg', 'listen', '']","['rt', 'mikehudema', 'scientist', 'country', 'banded', 'together', 'declare', 'climateemergency', 'listen', '']"
37,"RT @MikeHudema: Over 11,000 scientists from 153 countries have banded together to declare a #climateemergency. Listen to them.

There is no‚Ä¶","RT MikeHudema Over  scientists from  countries have banded together to declare a climateemergency Listen to them

There is no‚Ä¶","['rt', 'mikehudema', 'over', 'scientists', 'from', 'countries', 'have', 'banded', 'together', 'to', 'declare', 'a', 'climateemergency', 'listen', 'to', 'them', 'there', 'is', 'no', '']","['rt', 'mikehudema', 'scientists', 'countries', 'banded', 'together', 'declare', 'climateemergency', 'listen', '']","['rt', 'mikehudema', 'scientist', 'countri', 'band', 'togeth', 'declar', 'climateemerg', 'listen', '']","['rt', 'mikehudema', 'scientist', 'country', 'banded', 'together', 'declare', 'climateemergency', 'listen', '']"
38,"RT @VegasVisions: On Eve of Senate Vote, #Climate Campaigners Make 'Big Push' Against Manchin 'Dirty Deal'

https://t.co/TR6Ozcz0xN via @co‚Ä¶","RT VegasVisions On Eve of Senate Vote Climate Campaigners Make Big Push Against Manchin Dirty Deal

httpstcoTROzczxN via co‚Ä¶","['rt', 'vegasvisions', 'on', 'eve', 'of', 'senate', 'vote', 'climate', 'campaigners', 'make', 'big', 'push', 'against', 'manchin', 'dirty', 'deal', 'httpstcotrozczxn', 'via', 'co', '']","['rt', 'vegasvisions', 'eve', 'senate', 'vote', 'climate', 'campaigners', 'make', 'big', 'push', 'manchin', 'dirty', 'deal', 'httpstcotrozczxn', 'via', 'co', '']","['rt', 'vegasvis', 'eve', 'senat', 'vote', 'climat', 'campaign', 'make', 'big', 'push', 'manchin', 'dirti', 'deal', 'httpstcotrozczxn', 'via', 'co', '']","['rt', 'vegasvisions', 'eve', 'senate', 'vote', 'climate', 'campaigner', 'make', 'big', 'push', 'manchin', 'dirty', 'deal', 'httpstcotrozczxn', 'via', 'co', '']"
39,"RT @samirsaran: A nexus of multiple crises: #Energy, #Debt, #Climate, #Food- Can the #G20 respond?

#Multilateralism undone by its custodia‚Ä¶","RT samirsaran A nexus of multiple crises Energy Debt Climate Food Can the G respond

Multilateralism undone by its custodia‚Ä¶","['rt', 'samirsaran', 'a', 'nexus', 'of', 'multiple', 'crises', 'energy', 'debt', 'climate', 'food', 'can', 'the', 'g', 'respond', 'multilateralism', 'undone', 'by', 'its', 'custodia', '']","['rt', 'samirsaran', 'nexus', 'multiple', 'crises', 'energy', 'debt', 'climate', 'food', 'g', 'respond', 'multilateralism', 'undone', 'custodia', '']","['rt', 'samirsaran', 'nexu', 'multipl', 'crise', 'energi', 'debt', 'climat', 'food', 'g', 'respond', 'multilater', 'undon', 'custodia', '']","['rt', 'samirsaran', 'nexus', 'multiple', 'crisis', 'energy', 'debt', 'climate', 'food', 'g', 'respond', 'multilateralism', 'undone', 'custodia', '']"
40,"RT @MikeHudema: The trains in the Netherlands are 100% #windpowered. Over 5,500 trips a day 100% #renewable.

We have the solutions. Implem‚Ä¶","RT MikeHudema The trains in the Netherlands are  windpowered Over  trips a day  renewable

We have the solutions Implem‚Ä¶","['rt', 'mikehudema', 'the', 'trains', 'in', 'the', 'netherlands', 'are', 'windpowered', 'over', 'trips', 'a', 'day', 'renewable', 'we', 'have', 'the', 'solutions', 'implem', '']","['rt', 'mikehudema', 'trains', 'netherlands', 'windpowered', 'trips', 'day', 'renewable', 'solutions', 'implem', '']","['rt', 'mikehudema', 'train', 'netherland', 'windpow', 'trip', 'day', 'renew', 'solut', 'implem', '']","['rt', 'mikehudema', 'train', 'netherlands', 'windpowered', 'trip', 'day', 'renewable', 'solution', 'implem', '']"
41,"RT @MikeHudema: Over 11,000 scientists from 153 countries have banded together to declare a #climateemergency. Listen to them.

There is no‚Ä¶","RT MikeHudema Over  scientists from  countries have banded together to declare a climateemergency Listen to them

There is no‚Ä¶","['rt', 'mikehudema', 'over', 'scientists', 'from', 'countries', 'have', 'banded', 'together', 'to', 'declare', 'a', 'climateemergency', 'listen', 'to', 'them', 'there', 'is', 'no', '']","['rt', 'mikehudema', 'scientists', 'countries', 'banded', 'together', 'declare', 'climateemergency', 'listen', '']","['rt', 'mikehudema', 'scientist', 'countri', 'band', 'togeth', 'declar', 'climateemerg', 'listen', '']","['rt', 'mikehudema', 'scientist', 'country', 'banded', 'together', 'declare', 'climateemergency', 'listen', '']"
42,"RT @PrincetonUPress: We are proud to share our collection of curated climate publications, which ignite conversations and actions. https://‚Ä¶",RT PrincetonUPress We are proud to share our collection of curated climate publications which ignite conversations and actions https‚Ä¶,"['rt', 'princetonupress', 'we', 'are', 'proud', 'to', 'share', 'our', 'collection', 'of', 'curated', 'climate', 'publications', 'which', 'ignite', 'conversations', 'and', 'actions', 'https', '']","['rt', 'princetonupress', 'proud', 'share', 'collection', 'curated', 'climate', 'publications', 'ignite', 'conversations', 'actions', 'https', '']","['rt', 'princetonupress', 'proud', 'share', 'collect', 'curat', 'climat', 'public', 'ignit', 'convers', 'action', 'http', '']","['rt', 'princetonupress', 'proud', 'share', 'collection', 'curated', 'climate', 'publication', 'ignite', 'conversation', 'action', 'http', '']"
43,"RT @realFaisalKhan: #FloodsInPakistan, 33 million people have no home, their dreams &amp; homes swept away! This #Climate catastrophe seek #UN‚Ä¶",RT realFaisalKhan FloodsInPakistan  million people have no home their dreams amp homes swept away This Climate catastrophe seek UN‚Ä¶,"['rt', 'realfaisalkhan', 'floodsinpakistan', 'million', 'people', 'have', 'no', 'home', 'their', 'dreams', 'amp', 'homes', 'swept', 'away', 'this', 'climate', 'catastrophe', 'seek', 'un', '']","['rt', 'realfaisalkhan', 'floodsinpakistan', 'million', 'people', 'home', 'dreams', 'amp', 'homes', 'swept', 'away', 'climate', 'catastrophe', 'seek', 'un', '']","['rt', 'realfaisalkhan', 'floodsinpakistan', 'million', 'peopl', 'home', 'dream', 'amp', 'home', 'swept', 'away', 'climat', 'catastroph', 'seek', 'un', '']","['rt', 'realfaisalkhan', 'floodsinpakistan', 'million', 'people', 'home', 'dream', 'amp', 'home', 'swept', 'away', 'climate', 'catastrophe', 'seek', 'un', '']"
44,"RT @KajEmbren: Head of World Bank under pressure after White House condemns his ‚Äòclimate denial‚Äô comments via @fionaharvey @guardian 
https‚Ä¶","RT KajEmbren Head of World Bank under pressure after White House condemns his ‚Äòclimate denial‚Äô comments via fionaharvey guardian 
https‚Ä¶","['rt', 'kajembren', 'head', 'of', 'world', 'bank', 'under', 'pressure', 'after', 'white', 'house', 'condemns', 'his', 'climate', 'denial', 'comments', 'via', 'fionaharvey', 'guardian', 'https', '']","['rt', 'kajembren', 'head', 'world', 'bank', 'pressure', 'white', 'house', 'condemns', 'climate', 'denial', 'comments', 'via', 'fionaharvey', 'guardian', 'https', '']","['rt', 'kajembren', 'head', 'world', 'bank', 'pressur', 'white', 'hous', 'condemn', 'climat', 'denial', 'comment', 'via', 'fionaharvey', 'guardian', 'http', '']","['rt', 'kajembren', 'head', 'world', 'bank', 'pressure', 'white', 'house', 'condemns', 'climate', 'denial', 'comment', 'via', 'fionaharvey', 'guardian', 'http', '']"
45,"RT @MikeHudema: Over 11,000 scientists from 153 countries have banded together to declare a #climateemergency. Listen to them.

There is no‚Ä¶","RT MikeHudema Over  scientists from  countries have banded together to declare a climateemergency Listen to them

There is no‚Ä¶","['rt', 'mikehudema', 'over', 'scientists', 'from', 'countries', 'have', 'banded', 'together', 'to', 'declare', 'a', 'climateemergency', 'listen', 'to', 'them', 'there', 'is', 'no', '']","['rt', 'mikehudema', 'scientists', 'countries', 'banded', 'together', 'declare', 'climateemergency', 'listen', '']","['rt', 'mikehudema', 'scientist', 'countri', 'band', 'togeth', 'declar', 'climateemerg', 'listen', '']","['rt', 'mikehudema', 'scientist', 'country', 'banded', 'together', 'declare', 'climateemergency', 'listen', '']"
46,".@harshvshringla: Whether in the #Gulf or the sub-continent, the consequences of #climate change are being felt everywhere. As we recover from the #pandemic, sound policies have helped us fair well during this challenging period.

#ASD2022 https://t.co/5oiMz8SyHV","harshvshringla Whether in the Gulf or the subcontinent the consequences of climate change are being felt everywhere As we recover from the pandemic sound policies have helped us fair well during this challenging period

ASD httpstcooiMzSyHV","['harshvshringla', 'whether', 'in', 'the', 'gulf', 'or', 'the', 'subcontinent', 'the', 'consequences', 'of', 'climate', 'change', 'are', 'being', 'felt', 'everywhere', 'as', 'we', 'recover', 'from', 'the', 'pandemic', 'sound', 'policies', 'have', 'helped', 'us', 'fair', 'well', 'during', 'this', 'challenging', 'period', 'asd', 'httpstcooimzsyhv']","['harshvshringla', 'whether', 'gulf', 'subcontinent', 'consequences', 'climate', 'change', 'felt', 'everywhere', 'recover', 'pandemic', 'sound', 'policies', 'helped', 'us', 'fair', 'well', 'challenging', 'period', 'asd', 'httpstcooimzsyhv']","['harshvshringla', 'whether', 'gulf', 'subcontin', 'consequ', 'climat', 'chang', 'felt', 'everywher', 'recov', 'pandem', 'sound', 'polici', 'help', 'us', 'fair', 'well', 'challeng', 'period', 'asd', 'httpstcooimzsyhv']","['harshvshringla', 'whether', 'gulf', 'subcontinent', 'consequence', 'climate', 'change', 'felt', 'everywhere', 'recover', 'pandemic', 'sound', 'policy', 'helped', 'u', 'fair', 'well', 'challenging', 'period', 'asd', 'httpstcooimzsyhv']"
47,RT @pollyjhemming: Aus has an arbitrary defence spending 'target' of 2% of GDP every yr ($48bil in 2021) ‚Äì for stuff we'll probably never u‚Ä¶,RT pollyjhemming Aus has an arbitrary defence spending target of  of GDP every yr bil in  ‚Äì for stuff well probably never u‚Ä¶,"['rt', 'pollyjhemming', 'aus', 'has', 'an', 'arbitrary', 'defence', 'spending', 'target', 'of', 'of', 'gdp', 'every', 'yr', 'bil', 'in', 'for', 'stuff', 'well', 'probably', 'never', 'u', '']","['rt', 'pollyjhemming', 'aus', 'arbitrary', 'defence', 'spending', 'target', 'gdp', 'every', 'yr', 'bil', 'stuff', 'well', 'probably', 'never', 'u', '']","['rt', 'pollyjhem', 'au', 'arbitrari', 'defenc', 'spend', 'target', 'gdp', 'everi', 'yr', 'bil', 'stuff', 'well', 'probabl', 'never', 'u', '']","['rt', 'pollyjhemming', 'au', 'arbitrary', 'defence', 'spending', 'target', 'gdp', 'every', 'yr', 'bil', 'stuff', 'well', 'probably', 'never', 'u', '']"
48,"RT @MikeHudema: Over 11,000 scientists from 153 countries have banded together to declare a #climateemergency. Listen to them.

There is no‚Ä¶","RT MikeHudema Over  scientists from  countries have banded together to declare a climateemergency Listen to them

There is no‚Ä¶","['rt', 'mikehudema', 'over', 'scientists', 'from', 'countries', 'have', 'banded', 'together', 'to', 'declare', 'a', 'climateemergency', 'listen', 'to', 'them', 'there', 'is', 'no', '']","['rt', 'mikehudema', 'scientists', 'countries', 'banded', 'together', 'declare', 'climateemergency', 'listen', '']","['rt', 'mikehudema', 'scientist', 'countri', 'band', 'togeth', 'declar', 'climateemerg', 'listen', '']","['rt', 'mikehudema', 'scientist', 'country', 'banded', 'together', 'declare', 'climateemergency', 'listen', '']"
49,"RT @MikeHudema: Keep in mind, the heatwaves, wildfires, droughts happening across the world are within ""safe"" climate change of 1.2¬∞C warmi‚Ä¶",RT MikeHudema Keep in mind the heatwaves wildfires droughts happening across the world are within safe climate change of ¬∞C warmi‚Ä¶,"['rt', 'mikehudema', 'keep', 'in', 'mind', 'the', 'heatwaves', 'wildfires', 'droughts', 'happening', 'across', 'the', 'world', 'are', 'within', 'safe', 'climate', 'change', 'of', 'c', 'warmi', '']","['rt', 'mikehudema', 'keep', 'mind', 'heatwaves', 'wildfires', 'droughts', 'happening', 'across', 'world', 'within', 'safe', 'climate', 'change', 'c', 'warmi', '']","['rt', 'mikehudema', 'keep', 'mind', 'heatwav', 'wildfir', 'drought', 'happen', 'across', 'world', 'within', 'safe', 'climat', 'chang', 'c', 'warmi', '']","['rt', 'mikehudema', 'keep', 'mind', 'heatwaves', 'wildfire', 'drought', 'happening', 'across', 'world', 'within', 'safe', 'climate', 'change', 'c', 'warmi', '']"
50,RT @fuiin: Register for the climate change conference to take 'em all! @Peasant_Journal and partners announces the international online con‚Ä¶,RT fuiin Register for the climate change conference to take em all PeasantJournal and partners announces the international online con‚Ä¶,"['rt', 'fuiin', 'register', 'for', 'the', 'climate', 'change', 'conference', 'to', 'take', 'em', 'all', 'peasantjournal', 'and', 'partners', 'announces', 'the', 'international', 'online', 'con', '']","['rt', 'fuiin', 'register', 'climate', 'change', 'conference', 'take', 'em', 'peasantjournal', 'partners', 'announces', 'international', 'online', 'con', '']","['rt', 'fuiin', 'regist', 'climat', 'chang', 'confer', 'take', 'em', 'peasantjourn', 'partner', 'announc', 'intern', 'onlin', 'con', '']","['rt', 'fuiin', 'register', 'climate', 'change', 'conference', 'take', 'em', 'peasantjournal', 'partner', 'announces', 'international', 'online', 'con', '']"
51,"#climatechange Links to CLIMATE CHANGE AND NATURE #climate #change #global #warming #nature #earth
https://t.co/gS4L5Ydo73
https://t.co/wSC75uUWsc","climatechange Links to CLIMATE CHANGE AND NATURE climate change global warming nature earth
httpstcogSLYdo
httpstcowSCuUWsc","['climatechange', 'links', 'to', 'climate', 'change', 'and', 'nature', 'climate', 'change', 'global', 'warming', 'nature', 'earth', 'httpstcogslydo', 'httpstcowscuuwsc']","['climatechange', 'links', 'climate', 'change', 'nature', 'climate', 'change', 'global', 'warming', 'nature', 'earth', 'httpstcogslydo', 'httpstcowscuuwsc']","['climatechang', 'link', 'climat', 'chang', 'natur', 'climat', 'chang', 'global', 'warm', 'natur', 'earth', 'httpstcogslydo', 'httpstcowscuuwsc']","['climatechange', 'link', 'climate', 'change', 'nature', 'climate', 'change', 'global', 'warming', 'nature', 'earth', 'httpstcogslydo', 'httpstcowscuuwsc']"
52,"RT @MikeHudema: The trains in the Netherlands are 100% #windpowered. Over 5,500 trips a day 100% #renewable.

We have the solutions. Implem‚Ä¶","RT MikeHudema The trains in the Netherlands are  windpowered Over  trips a day  renewable

We have the solutions Implem‚Ä¶","['rt', 'mikehudema', 'the', 'trains', 'in', 'the', 'netherlands', 'are', 'windpowered', 'over', 'trips', 'a', 'day', 'renewable', 'we', 'have', 'the', 'solutions', 'implem', '']","['rt', 'mikehudema', 'trains', 'netherlands', 'windpowered', 'trips', 'day', 'renewable', 'solutions', 'implem', '']","['rt', 'mikehudema', 'train', 'netherland', 'windpow', 'trip', 'day', 'renew', 'solut', 'implem', '']","['rt', 'mikehudema', 'train', 'netherlands', 'windpowered', 'trip', 'day', 'renewable', 'solution', 'implem', '']"
53,"RT @MikeHudema: This mobile #solar plant can be set up anywhere and generate 3x the power of a domestic solar array.

We have the solutions‚Ä¶","RT MikeHudema This mobile solar plant can be set up anywhere and generate x the power of a domestic solar array

We have the solutions‚Ä¶","['rt', 'mikehudema', 'this', 'mobile', 'solar', 'plant', 'can', 'be', 'set', 'up', 'anywhere', 'and', 'generate', 'x', 'the', 'power', 'of', 'a', 'domestic', 'solar', 'array', 'we', 'have', 'the', 'solutions', '']","['rt', 'mikehudema', 'mobile', 'solar', 'plant', 'set', 'anywhere', 'generate', 'x', 'power', 'domestic', 'solar', 'array', 'solutions', '']","['rt', 'mikehudema', 'mobil', 'solar', 'plant', 'set', 'anywher', 'gener', 'x', 'power', 'domest', 'solar', 'array', 'solut', '']","['rt', 'mikehudema', 'mobile', 'solar', 'plant', 'set', 'anywhere', 'generate', 'x', 'power', 'domestic', 'solar', 'array', 'solution', '']"
54,"RT @samirsaran: A nexus of multiple crises: #Energy, #Debt, #Climate, #Food- Can the #G20 respond?

#Multilateralism undone by its custodia‚Ä¶","RT samirsaran A nexus of multiple crises Energy Debt Climate Food Can the G respond

Multilateralism undone by its custodia‚Ä¶","['rt', 'samirsaran', 'a', 'nexus', 'of', 'multiple', 'crises', 'energy', 'debt', 'climate', 'food', 'can', 'the', 'g', 'respond', 'multilateralism', 'undone', 'by', 'its', 'custodia', '']","['rt', 'samirsaran', 'nexus', 'multiple', 'crises', 'energy', 'debt', 'climate', 'food', 'g', 'respond', 'multilateralism', 'undone', 'custodia', '']","['rt', 'samirsaran', 'nexu', 'multipl', 'crise', 'energi', 'debt', 'climat', 'food', 'g', 'respond', 'multilater', 'undon', 'custodia', '']","['rt', 'samirsaran', 'nexus', 'multiple', 'crisis', 'energy', 'debt', 'climate', 'food', 'g', 'respond', 'multilateralism', 'undone', 'custodia', '']"
55,"RT @MikeHudema: Over 11,000 scientists from 153 countries have banded together to declare a #climateemergency. Listen to them.

There is no‚Ä¶","RT MikeHudema Over  scientists from  countries have banded together to declare a climateemergency Listen to them

There is no‚Ä¶","['rt', 'mikehudema', 'over', 'scientists', 'from', 'countries', 'have', 'banded', 'together', 'to', 'declare', 'a', 'climateemergency', 'listen', 'to', 'them', 'there', 'is', 'no', '']","['rt', 'mikehudema', 'scientists', 'countries', 'banded', 'together', 'declare', 'climateemergency', 'listen', '']","['rt', 'mikehudema', 'scientist', 'countri', 'band', 'togeth', 'declar', 'climateemerg', 'listen', '']","['rt', 'mikehudema', 'scientist', 'country', 'banded', 'together', 'declare', 'climateemergency', 'listen', '']"
56,RT @MikeHudema: 98% of Costa Rica's power already comes from #renewables. Half of the land is covered by forest. They're aiming to transfor‚Ä¶,RT MikeHudema  of Costa Ricas power already comes from renewables Half of the land is covered by forest Theyre aiming to transfor‚Ä¶,"['rt', 'mikehudema', 'of', 'costa', 'ricas', 'power', 'already', 'comes', 'from', 'renewables', 'half', 'of', 'the', 'land', 'is', 'covered', 'by', 'forest', 'theyre', 'aiming', 'to', 'transfor', '']","['rt', 'mikehudema', 'costa', 'ricas', 'power', 'already', 'comes', 'renewables', 'half', 'land', 'covered', 'forest', 'theyre', 'aiming', 'transfor', '']","['rt', 'mikehudema', 'costa', 'rica', 'power', 'alreadi', 'come', 'renew', 'half', 'land', 'cover', 'forest', 'theyr', 'aim', 'transfor', '']","['rt', 'mikehudema', 'costa', 'ricas', 'power', 'already', 'come', 'renewables', 'half', 'land', 'covered', 'forest', 'theyre', 'aiming', 'transfor', '']"
57,RT @pollyjhemming: Aus has an arbitrary defence spending 'target' of 2% of GDP every yr ($48bil in 2021) ‚Äì for stuff we'll probably never u‚Ä¶,RT pollyjhemming Aus has an arbitrary defence spending target of  of GDP every yr bil in  ‚Äì for stuff well probably never u‚Ä¶,"['rt', 'pollyjhemming', 'aus', 'has', 'an', 'arbitrary', 'defence', 'spending', 'target', 'of', 'of', 'gdp', 'every', 'yr', 'bil', 'in', 'for', 'stuff', 'well', 'probably', 'never', 'u', '']","['rt', 'pollyjhemming', 'aus', 'arbitrary', 'defence', 'spending', 'target', 'gdp', 'every', 'yr', 'bil', 'stuff', 'well', 'probably', 'never', 'u', '']","['rt', 'pollyjhem', 'au', 'arbitrari', 'defenc', 'spend', 'target', 'gdp', 'everi', 'yr', 'bil', 'stuff', 'well', 'probabl', 'never', 'u', '']","['rt', 'pollyjhemming', 'au', 'arbitrary', 'defence', 'spending', 'target', 'gdp', 'every', 'yr', 'bil', 'stuff', 'well', 'probably', 'never', 'u', '']"
58,"RT @MikeHudema: Keep in mind, the heatwaves, wildfires, droughts happening across the world are within ""safe"" climate change of 1.2¬∞C warmi‚Ä¶",RT MikeHudema Keep in mind the heatwaves wildfires droughts happening across the world are within safe climate change of ¬∞C warmi‚Ä¶,"['rt', 'mikehudema', 'keep', 'in', 'mind', 'the', 'heatwaves', 'wildfires', 'droughts', 'happening', 'across', 'the', 'world', 'are', 'within', 'safe', 'climate', 'change', 'of', 'c', 'warmi', '']","['rt', 'mikehudema', 'keep', 'mind', 'heatwaves', 'wildfires', 'droughts', 'happening', 'across', 'world', 'within', 'safe', 'climate', 'change', 'c', 'warmi', '']","['rt', 'mikehudema', 'keep', 'mind', 'heatwav', 'wildfir', 'drought', 'happen', 'across', 'world', 'within', 'safe', 'climat', 'chang', 'c', 'warmi', '']","['rt', 'mikehudema', 'keep', 'mind', 'heatwaves', 'wildfire', 'drought', 'happening', 'across', 'world', 'within', 'safe', 'climate', 'change', 'c', 'warmi', '']"
59,RT @ChristineMilne: Fed Govt approves disastrous projects #Climate #Biodiversity #ThreatenedSpecies but says ‚Äònot our jurisdiction‚Äô as Stat‚Ä¶,RT ChristineMilne Fed Govt approves disastrous projects Climate Biodiversity ThreatenedSpecies but says ‚Äònot our jurisdiction‚Äô as Stat‚Ä¶,"['rt', 'christinemilne', 'fed', 'govt', 'approves', 'disastrous', 'projects', 'climate', 'biodiversity', 'threatenedspecies', 'but', 'says', 'not', 'our', 'jurisdiction', 'as', 'stat', '']","['rt', 'christinemilne', 'fed', 'govt', 'approves', 'disastrous', 'projects', 'climate', 'biodiversity', 'threatenedspecies', 'says', 'jurisdiction', 'stat', '']","['rt', 'christinemiln', 'fed', 'govt', 'approv', 'disastr', 'project', 'climat', 'biodivers', 'threatenedspeci', 'say', 'jurisdict', 'stat', '']","['rt', 'christinemilne', 'fed', 'govt', 'approves', 'disastrous', 'project', 'climate', 'biodiversity', 'threatenedspecies', 'say', 'jurisdiction', 'stat', '']"
60,RT @MikeHudema: 98% of Costa Rica's power already comes from #renewables. Half of the land is covered by forest. They're aiming to transfor‚Ä¶,RT MikeHudema  of Costa Ricas power already comes from renewables Half of the land is covered by forest Theyre aiming to transfor‚Ä¶,"['rt', 'mikehudema', 'of', 'costa', 'ricas', 'power', 'already', 'comes', 'from', 'renewables', 'half', 'of', 'the', 'land', 'is', 'covered', 'by', 'forest', 'theyre', 'aiming', 'to', 'transfor', '']","['rt', 'mikehudema', 'costa', 'ricas', 'power', 'already', 'comes', 'renewables', 'half', 'land', 'covered', 'forest', 'theyre', 'aiming', 'transfor', '']","['rt', 'mikehudema', 'costa', 'rica', 'power', 'alreadi', 'come', 'renew', 'half', 'land', 'cover', 'forest', 'theyr', 'aim', 'transfor', '']","['rt', 'mikehudema', 'costa', 'ricas', 'power', 'already', 'come', 'renewables', 'half', 'land', 'covered', 'forest', 'theyre', 'aiming', 'transfor', '']"
61,"Carmit Oron, CEO of #Salicrop: ""#Climate change, rising transportation prices, severe droughts and heat stress in Europe together with the war in the Ukraine have made headlines concerning the #global shortage of #crop #yield and the need for countries to act for #food security. https://t.co/TBE7MdziPC",Carmit Oron CEO of Salicrop Climate change rising transportation prices severe droughts and heat stress in Europe together with the war in the Ukraine have made headlines concerning the global shortage of crop yield and the need for countries to act for food security httpstcoTBEMdziPC,"['carmit', 'oron', 'ceo', 'of', 'salicrop', 'climate', 'change', 'rising', 'transportation', 'prices', 'severe', 'droughts', 'and', 'heat', 'stress', 'in', 'europe', 'together', 'with', 'the', 'war', 'in', 'the', 'ukraine', 'have', 'made', 'headlines', 'concerning', 'the', 'global', 'shortage', 'of', 'crop', 'yield', 'and', 'the', 'need', 'for', 'countries', 'to', 'act', 'for', 'food', 'security', 'httpstcotbemdzipc']","['carmit', 'oron', 'ceo', 'salicrop', 'climate', 'change', 'rising', 'transportation', 'prices', 'severe', 'droughts', 'heat', 'stress', 'europe', 'together', 'war', 'ukraine', 'made', 'headlines', 'concerning', 'global', 'shortage', 'crop', 'yield', 'need', 'countries', 'act', 'food', 'security', 'httpstcotbemdzipc']","['carmit', 'oron', 'ceo', 'salicrop', 'climat', 'chang', 'rise', 'transport', 'price', 'sever', 'drought', 'heat', 'stress', 'europ', 'togeth', 'war', 'ukrain', 'made', 'headlin', 'concern', 'global', 'shortag', 'crop', 'yield', 'need', 'countri', 'act', 'food', 'secur', 'httpstcotbemdzipc']","['carmit', 'oron', 'ceo', 'salicrop', 'climate', 'change', 'rising', 'transportation', 'price', 'severe', 'drought', 'heat', 'stress', 'europe', 'together', 'war', 'ukraine', 'made', 'headline', 'concerning', 'global', 'shortage', 'crop', 'yield', 'need', 'country', 'act', 'food', 'security', 'httpstcotbemdzipc']"
62,"RT @OceanicGlobal: Listening, learning &amp; sharing knowledge is essential for taking action to protect our planet. We are sharing our favorit‚Ä¶",RT OceanicGlobal Listening learning amp sharing knowledge is essential for taking action to protect our planet We are sharing our favorit‚Ä¶,"['rt', 'oceanicglobal', 'listening', 'learning', 'amp', 'sharing', 'knowledge', 'is', 'essential', 'for', 'taking', 'action', 'to', 'protect', 'our', 'planet', 'we', 'are', 'sharing', 'our', 'favorit', '']","['rt', 'oceanicglobal', 'listening', 'learning', 'amp', 'sharing', 'knowledge', 'essential', 'taking', 'action', 'protect', 'planet', 'sharing', 'favorit', '']","['rt', 'oceanicglob', 'listen', 'learn', 'amp', 'share', 'knowledg', 'essenti', 'take', 'action', 'protect', 'planet', 'share', 'favorit', '']","['rt', 'oceanicglobal', 'listening', 'learning', 'amp', 'sharing', 'knowledge', 'essential', 'taking', 'action', 'protect', 'planet', 'sharing', 'favorit', '']"
63,"RT @NorthernComd_IA: #Climate may change; Adversaries may change; Places may change, but responsibility of protecting the #Country never ch‚Ä¶",RT NorthernComdIA Climate may change Adversaries may change Places may change but responsibility of protecting the Country never ch‚Ä¶,"['rt', 'northerncomdia', 'climate', 'may', 'change', 'adversaries', 'may', 'change', 'places', 'may', 'change', 'but', 'responsibility', 'of', 'protecting', 'the', 'country', 'never', 'ch', '']","['rt', 'northerncomdia', 'climate', 'may', 'change', 'adversaries', 'may', 'change', 'places', 'may', 'change', 'responsibility', 'protecting', 'country', 'never', 'ch', '']","['rt', 'northerncomdia', 'climat', 'may', 'chang', 'adversari', 'may', 'chang', 'place', 'may', 'chang', 'respons', 'protect', 'countri', 'never', 'ch', '']","['rt', 'northerncomdia', 'climate', 'may', 'change', 'adversary', 'may', 'change', 'place', 'may', 'change', 'responsibility', 'protecting', 'country', 'never', 'ch', '']"
64,"RT @MikeHudema: Over 11,000 scientists from 153 countries have banded together to declare a #climateemergency. Listen to them.

There is no‚Ä¶","RT MikeHudema Over  scientists from  countries have banded together to declare a climateemergency Listen to them

There is no‚Ä¶","['rt', 'mikehudema', 'over', 'scientists', 'from', 'countries', 'have', 'banded', 'together', 'to', 'declare', 'a', 'climateemergency', 'listen', 'to', 'them', 'there', 'is', 'no', '']","['rt', 'mikehudema', 'scientists', 'countries', 'banded', 'together', 'declare', 'climateemergency', 'listen', '']","['rt', 'mikehudema', 'scientist', 'countri', 'band', 'togeth', 'declar', 'climateemerg', 'listen', '']","['rt', 'mikehudema', 'scientist', 'country', 'banded', 'together', 'declare', 'climateemergency', 'listen', '']"
65,"RT @MikeHudema: Over 11,000 scientists from 153 countries have banded together to declare a #climateemergency. Listen to them.

There is no‚Ä¶","RT MikeHudema Over  scientists from  countries have banded together to declare a climateemergency Listen to them

There is no‚Ä¶","['rt', 'mikehudema', 'over', 'scientists', 'from', 'countries', 'have', 'banded', 'together', 'to', 'declare', 'a', 'climateemergency', 'listen', 'to', 'them', 'there', 'is', 'no', '']","['rt', 'mikehudema', 'scientists', 'countries', 'banded', 'together', 'declare', 'climateemergency', 'listen', '']","['rt', 'mikehudema', 'scientist', 'countri', 'band', 'togeth', 'declar', 'climateemerg', 'listen', '']","['rt', 'mikehudema', 'scientist', 'country', 'banded', 'together', 'declare', 'climateemergency', 'listen', '']"
66,"RT @ArdwickClimate: We met with @sheencr from @OfficialUoM to discuss their contributions to the 2nd October, including monitoring the air‚Ä¶",RT ArdwickClimate We met with sheencr from OfficialUoM to discuss their contributions to the nd October including monitoring the air‚Ä¶,"['rt', 'ardwickclimate', 'we', 'met', 'with', 'sheencr', 'from', 'officialuom', 'to', 'discuss', 'their', 'contributions', 'to', 'the', 'nd', 'october', 'including', 'monitoring', 'the', 'air', '']","['rt', 'ardwickclimate', 'met', 'sheencr', 'officialuom', 'discuss', 'contributions', 'nd', 'october', 'including', 'monitoring', 'air', '']","['rt', 'ardwickclim', 'met', 'sheencr', 'officialuom', 'discuss', 'contribut', 'nd', 'octob', 'includ', 'monitor', 'air', '']","['rt', 'ardwickclimate', 'met', 'sheencr', 'officialuom', 'discus', 'contribution', 'nd', 'october', 'including', 'monitoring', 'air', '']"
67,"RT @EarthKeeper22: When you have to carry your own #water, you #understand the #value of every drop... ü¶ãLJC

#Climate #FossilFuels #Frackin‚Ä¶","RT EarthKeeper When you have to carry your own water you understand the value of every drop ü¶ãLJC

Climate FossilFuels Frackin‚Ä¶","['rt', 'earthkeeper', 'when', 'you', 'have', 'to', 'carry', 'your', 'own', 'water', 'you', 'understand', 'the', 'value', 'of', 'every', 'drop', 'ljc', 'climate', 'fossilfuels', 'frackin', '']","['rt', 'earthkeeper', 'carry', 'water', 'understand', 'value', 'every', 'drop', 'ljc', 'climate', 'fossilfuels', 'frackin', '']","['rt', 'earthkeep', 'carri', 'water', 'understand', 'valu', 'everi', 'drop', 'ljc', 'climat', 'fossilfuel', 'frackin', '']","['rt', 'earthkeeper', 'carry', 'water', 'understand', 'value', 'every', 'drop', 'ljc', 'climate', 'fossilfuels', 'frackin', '']"
68,"FYI,  global standard for #biodiversity is being created to promote the integration of biodiversity in tree-planting programs, which primarily concentrate on carbon sequestration and improving livelihoods. #shambasystem #conservation #climate  https://t.co/iadmypq9Ny",FYI  global standard for biodiversity is being created to promote the integration of biodiversity in treeplanting programs which primarily concentrate on carbon sequestration and improving livelihoods shambasystem conservation climate  httpstcoiadmypqNy,"['fyi', 'global', 'standard', 'for', 'biodiversity', 'is', 'being', 'created', 'to', 'promote', 'the', 'integration', 'of', 'biodiversity', 'in', 'treeplanting', 'programs', 'which', 'primarily', 'concentrate', 'on', 'carbon', 'sequestration', 'and', 'improving', 'livelihoods', 'shambasystem', 'conservation', 'climate', 'httpstcoiadmypqny']","['fyi', 'global', 'standard', 'biodiversity', 'created', 'promote', 'integration', 'biodiversity', 'treeplanting', 'programs', 'primarily', 'concentrate', 'carbon', 'sequestration', 'improving', 'livelihoods', 'shambasystem', 'conservation', 'climate', 'httpstcoiadmypqny']","['fyi', 'global', 'standard', 'biodivers', 'creat', 'promot', 'integr', 'biodivers', 'treeplant', 'program', 'primarili', 'concentr', 'carbon', 'sequestr', 'improv', 'livelihood', 'shambasystem', 'conserv', 'climat', 'httpstcoiadmypqni']","['fyi', 'global', 'standard', 'biodiversity', 'created', 'promote', 'integration', 'biodiversity', 'treeplanting', 'program', 'primarily', 'concentrate', 'carbon', 'sequestration', 'improving', 'livelihood', 'shambasystem', 'conservation', 'climate', 'httpstcoiadmypqny']"
69,"RT @MikeHudema: Keep in mind, the heatwaves, wildfires, droughts happening across the world are within ""safe"" climate change of 1.2¬∞C warmi‚Ä¶",RT MikeHudema Keep in mind the heatwaves wildfires droughts happening across the world are within safe climate change of ¬∞C warmi‚Ä¶,"['rt', 'mikehudema', 'keep', 'in', 'mind', 'the', 'heatwaves', 'wildfires', 'droughts', 'happening', 'across', 'the', 'world', 'are', 'within', 'safe', 'climate', 'change', 'of', 'c', 'warmi', '']","['rt', 'mikehudema', 'keep', 'mind', 'heatwaves', 'wildfires', 'droughts', 'happening', 'across', 'world', 'within', 'safe', 'climate', 'change', 'c', 'warmi', '']","['rt', 'mikehudema', 'keep', 'mind', 'heatwav', 'wildfir', 'drought', 'happen', 'across', 'world', 'within', 'safe', 'climat', 'chang', 'c', 'warmi', '']","['rt', 'mikehudema', 'keep', 'mind', 'heatwaves', 'wildfire', 'drought', 'happening', 'across', 'world', 'within', 'safe', 'climate', 'change', 'c', 'warmi', '']"
70,"RT @MikeHudema: Over 11,000 scientists from 153 countries have banded together to declare a #climateemergency. Listen to them.

There is no‚Ä¶","RT MikeHudema Over  scientists from  countries have banded together to declare a climateemergency Listen to them

There is no‚Ä¶","['rt', 'mikehudema', 'over', 'scientists', 'from', 'countries', 'have', 'banded', 'together', 'to', 'declare', 'a', 'climateemergency', 'listen', 'to', 'them', 'there', 'is', 'no', '']","['rt', 'mikehudema', 'scientists', 'countries', 'banded', 'together', 'declare', 'climateemergency', 'listen', '']","['rt', 'mikehudema', 'scientist', 'countri', 'band', 'togeth', 'declar', 'climateemerg', 'listen', '']","['rt', 'mikehudema', 'scientist', 'country', 'banded', 'together', 'declare', 'climateemergency', 'listen', '']"
71,"RT @gathertonourish: this is devastating. those dunes were home to endangered plovers, and so much wildlife took shelter there. i cannot ev‚Ä¶",RT gathertonourish this is devastating those dunes were home to endangered plovers and so much wildlife took shelter there i cannot ev‚Ä¶,"['rt', 'gathertonourish', 'this', 'is', 'devastating', 'those', 'dunes', 'were', 'home', 'to', 'endangered', 'plovers', 'and', 'so', 'much', 'wildlife', 'took', 'shelter', 'there', 'i', 'cannot', 'ev', '']","['rt', 'gathertonourish', 'devastating', 'dunes', 'home', 'endangered', 'plovers', 'much', 'wildlife', 'took', 'shelter', 'cannot', 'ev', '']","['rt', 'gathertonourish', 'devast', 'dune', 'home', 'endang', 'plover', 'much', 'wildlif', 'took', 'shelter', 'cannot', 'ev', '']","['rt', 'gathertonourish', 'devastating', 'dune', 'home', 'endangered', 'plover', 'much', 'wildlife', 'took', 'shelter', 'cannot', 'ev', '']"
72,"RT @MikeHudema: Keep in mind, the heatwaves, wildfires, droughts happening across the world are within ""safe"" climate change of 1.2¬∞C warmi‚Ä¶",RT MikeHudema Keep in mind the heatwaves wildfires droughts happening across the world are within safe climate change of ¬∞C warmi‚Ä¶,"['rt', 'mikehudema', 'keep', 'in', 'mind', 'the', 'heatwaves', 'wildfires', 'droughts', 'happening', 'across', 'the', 'world', 'are', 'within', 'safe', 'climate', 'change', 'of', 'c', 'warmi', '']","['rt', 'mikehudema', 'keep', 'mind', 'heatwaves', 'wildfires', 'droughts', 'happening', 'across', 'world', 'within', 'safe', 'climate', 'change', 'c', 'warmi', '']","['rt', 'mikehudema', 'keep', 'mind', 'heatwav', 'wildfir', 'drought', 'happen', 'across', 'world', 'within', 'safe', 'climat', 'chang', 'c', 'warmi', '']","['rt', 'mikehudema', 'keep', 'mind', 'heatwaves', 'wildfire', 'drought', 'happening', 'across', 'world', 'within', 'safe', 'climate', 'change', 'c', 'warmi', '']"
73,"RT @MikeHudema: Last year the world's largest iceberg, 8 times the size of New York, containing a trillion tons of ice, melted completely.‚Ä¶",RT MikeHudema Last year the worlds largest iceberg  times the size of New York containing a trillion tons of ice melted completely‚Ä¶,"['rt', 'mikehudema', 'last', 'year', 'the', 'worlds', 'largest', 'iceberg', 'times', 'the', 'size', 'of', 'new', 'york', 'containing', 'a', 'trillion', 'tons', 'of', 'ice', 'melted', 'completely', '']","['rt', 'mikehudema', 'last', 'year', 'worlds', 'largest', 'iceberg', 'times', 'size', 'new', 'york', 'containing', 'trillion', 'tons', 'ice', 'melted', 'completely', '']","['rt', 'mikehudema', 'last', 'year', 'world', 'largest', 'iceberg', 'time', 'size', 'new', 'york', 'contain', 'trillion', 'ton', 'ice', 'melt', 'complet', '']","['rt', 'mikehudema', 'last', 'year', 'world', 'largest', 'iceberg', 'time', 'size', 'new', 'york', 'containing', 'trillion', 'ton', 'ice', 'melted', 'completely', '']"
74,"The #scientists learned from the #Botswana #diamond that the rock has a sizable amount of water at a depth of more than 600 kilometres.
Share your #manuscript @ https://t.co/SLFVDmdAcC for publishing in our journal.
#article #research #ecology #geochemical 
#climate #global #news https://t.co/Z9yQHgiHhH","The scientists learned from the Botswana diamond that the rock has a sizable amount of water at a depth of more than  kilometres
Share your manuscript  httpstcoSLFVDmdAcC for publishing in our journal
article research ecology geochemical 
climate global news httpstcoZyQHgiHhH","['the', 'scientists', 'learned', 'from', 'the', 'botswana', 'diamond', 'that', 'the', 'rock', 'has', 'a', 'sizable', 'amount', 'of', 'water', 'at', 'a', 'depth', 'of', 'more', 'than', 'kilometres', 'share', 'your', 'manuscript', 'httpstcoslfvdmdacc', 'for', 'publishing', 'in', 'our', 'journal', 'article', 'research', 'ecology', 'geochemical', 'climate', 'global', 'news', 'httpstcozyqhgihhh']","['scientists', 'learned', 'botswana', 'diamond', 'rock', 'sizable', 'amount', 'water', 'depth', 'kilometres', 'share', 'manuscript', 'httpstcoslfvdmdacc', 'publishing', 'journal', 'article', 'research', 'ecology', 'geochemical', 'climate', 'global', 'news', 'httpstcozyqhgihhh']","['scientist', 'learn', 'botswana', 'diamond', 'rock', 'sizabl', 'amount', 'water', 'depth', 'kilometr', 'share', 'manuscript', 'httpstcoslfvdmdacc', 'publish', 'journal', 'articl', 'research', 'ecolog', 'geochem', 'climat', 'global', 'news', 'httpstcozyqhgihhh']","['scientist', 'learned', 'botswana', 'diamond', 'rock', 'sizable', 'amount', 'water', 'depth', 'kilometre', 'share', 'manuscript', 'httpstcoslfvdmdacc', 'publishing', 'journal', 'article', 'research', 'ecology', 'geochemical', 'climate', 'global', 'news', 'httpstcozyqhgihhh']"
75,"RT @MikeHudema: The trains in the Netherlands are 100% #windpowered. Over 5,500 trips a day 100% #renewable.

We have the solutions. Implem‚Ä¶","RT MikeHudema The trains in the Netherlands are  windpowered Over  trips a day  renewable

We have the solutions Implem‚Ä¶","['rt', 'mikehudema', 'the', 'trains', 'in', 'the', 'netherlands', 'are', 'windpowered', 'over', 'trips', 'a', 'day', 'renewable', 'we', 'have', 'the', 'solutions', 'implem', '']","['rt', 'mikehudema', 'trains', 'netherlands', 'windpowered', 'trips', 'day', 'renewable', 'solutions', 'implem', '']","['rt', 'mikehudema', 'train', 'netherland', 'windpow', 'trip', 'day', 'renew', 'solut', 'implem', '']","['rt', 'mikehudema', 'train', 'netherlands', 'windpowered', 'trip', 'day', 'renewable', 'solution', 'implem', '']"
76,"RT @MikeHudema: Keep in mind, the heatwaves, wildfires, droughts happening across the world are within ""safe"" climate change of 1.2¬∞C warmi‚Ä¶",RT MikeHudema Keep in mind the heatwaves wildfires droughts happening across the world are within safe climate change of ¬∞C warmi‚Ä¶,"['rt', 'mikehudema', 'keep', 'in', 'mind', 'the', 'heatwaves', 'wildfires', 'droughts', 'happening', 'across', 'the', 'world', 'are', 'within', 'safe', 'climate', 'change', 'of', 'c', 'warmi', '']","['rt', 'mikehudema', 'keep', 'mind', 'heatwaves', 'wildfires', 'droughts', 'happening', 'across', 'world', 'within', 'safe', 'climate', 'change', 'c', 'warmi', '']","['rt', 'mikehudema', 'keep', 'mind', 'heatwav', 'wildfir', 'drought', 'happen', 'across', 'world', 'within', 'safe', 'climat', 'chang', 'c', 'warmi', '']","['rt', 'mikehudema', 'keep', 'mind', 'heatwaves', 'wildfire', 'drought', 'happening', 'across', 'world', 'within', 'safe', 'climate', 'change', 'c', 'warmi', '']"
77,"RT @IFPRISAO: #HappeningNow 
Women farmers are a crucial resource in #agriculture &amp; to build sustainable, #climate-resilient #foodsystems.‚Ä¶","RT IFPRISAO HappeningNow 
Women farmers are a crucial resource in agriculture amp to build sustainable climateresilient foodsystems‚Ä¶","['rt', 'ifprisao', 'happeningnow', 'women', 'farmers', 'are', 'a', 'crucial', 'resource', 'in', 'agriculture', 'amp', 'to', 'build', 'sustainable', 'climateresilient', 'foodsystems', '']","['rt', 'ifprisao', 'happeningnow', 'women', 'farmers', 'crucial', 'resource', 'agriculture', 'amp', 'build', 'sustainable', 'climateresilient', 'foodsystems', '']","['rt', 'ifprisao', 'happeningnow', 'women', 'farmer', 'crucial', 'resourc', 'agricultur', 'amp', 'build', 'sustain', 'climateresili', 'foodsystem', '']","['rt', 'ifprisao', 'happeningnow', 'woman', 'farmer', 'crucial', 'resource', 'agriculture', 'amp', 'build', 'sustainable', 'climateresilient', 'foodsystems', '']"
78,"‚ÄúFairness and togetherness are needed to bring about peace, love and prosperity in this world,‚Äù said Mia Mottley, prime minister of Barbados. ‚ÄúAnd this is not romanticism. These are hard realities that simply require decisions.‚Äù
#Climate #Policy #WellBeing
https://t.co/FVXpTymyi6","‚ÄúFairness and togetherness are needed to bring about peace love and prosperity in this world‚Äù said Mia Mottley prime minister of Barbados ‚ÄúAnd this is not romanticism These are hard realities that simply require decisions‚Äù
Climate Policy WellBeing
httpstcoFVXpTymyi","['', 'fairness', 'and', 'togetherness', 'are', 'needed', 'to', 'bring', 'about', 'peace', 'love', 'and', 'prosperity', 'in', 'this', 'world', 'said', 'mia', 'mottley', 'prime', 'minister', 'of', 'barbados', 'and', 'this', 'is', 'not', 'romanticism', 'these', 'are', 'hard', 'realities', 'that', 'simply', 'require', 'decisions', 'climate', 'policy', 'wellbeing', 'httpstcofvxptymyi']","['', 'fairness', 'togetherness', 'needed', 'bring', 'peace', 'love', 'prosperity', 'world', 'said', 'mia', 'mottley', 'prime', 'minister', 'barbados', 'romanticism', 'hard', 'realities', 'simply', 'require', 'decisions', 'climate', 'policy', 'wellbeing', 'httpstcofvxptymyi']","['', 'fair', 'togeth', 'need', 'bring', 'peac', 'love', 'prosper', 'world', 'said', 'mia', 'mottley', 'prime', 'minist', 'barbado', 'romantic', 'hard', 'realiti', 'simpli', 'requir', 'decis', 'climat', 'polici', 'wellb', 'httpstcofvxptymyi']","['', 'fairness', 'togetherness', 'needed', 'bring', 'peace', 'love', 'prosperity', 'world', 'said', 'mia', 'mottley', 'prime', 'minister', 'barbados', 'romanticism', 'hard', 'reality', 'simply', 'require', 'decision', 'climate', 'policy', 'wellbeing', 'httpstcofvxptymyi']"
79,"RT @annackeenan: It‚Äôs been 2.5 days since Hurricane #Fiona hit. 

My rural community, like most of #PEI, lost power.

I want to talk about‚Ä¶","RT annackeenan It‚Äôs been  days since Hurricane Fiona hit 

My rural community like most of PEI lost power

I want to talk about‚Ä¶","['rt', 'annackeenan', 'it', 's', 'been', 'days', 'since', 'hurricane', 'fiona', 'hit', 'my', 'rural', 'community', 'like', 'most', 'of', 'pei', 'lost', 'power', 'i', 'want', 'to', 'talk', 'about', '']","['rt', 'annackeenan', 'days', 'since', 'hurricane', 'fiona', 'hit', 'rural', 'community', 'like', 'pei', 'lost', 'power', 'want', 'talk', '']","['rt', 'annackeenan', 'day', 'sinc', 'hurrican', 'fiona', 'hit', 'rural', 'commun', 'like', 'pei', 'lost', 'power', 'want', 'talk', '']","['rt', 'annackeenan', 'day', 'since', 'hurricane', 'fiona', 'hit', 'rural', 'community', 'like', 'pei', 'lost', 'power', 'want', 'talk', '']"
80,RT @HVWritersCenter: Join @BK_Fischer on October 22 for a FREE multigenerational (age 12+) ECO WRITING workshop! You'll start at HVWC &amp; wal‚Ä¶,RT HVWritersCenter Join BKFischer on October  for a FREE multigenerational age  ECO WRITING workshop Youll start at HVWC amp wal‚Ä¶,"['rt', 'hvwriterscenter', 'join', 'bkfischer', 'on', 'october', 'for', 'a', 'free', 'multigenerational', 'age', 'eco', 'writing', 'workshop', 'youll', 'start', 'at', 'hvwc', 'amp', 'wal', '']","['rt', 'hvwriterscenter', 'join', 'bkfischer', 'october', 'free', 'multigenerational', 'age', 'eco', 'writing', 'workshop', 'youll', 'start', 'hvwc', 'amp', 'wal', '']","['rt', 'hvwriterscent', 'join', 'bkfischer', 'octob', 'free', 'multigener', 'age', 'eco', 'write', 'workshop', 'youll', 'start', 'hvwc', 'amp', 'wal', '']","['rt', 'hvwriterscenter', 'join', 'bkfischer', 'october', 'free', 'multigenerational', 'age', 'eco', 'writing', 'workshop', 'youll', 'start', 'hvwc', 'amp', 'wal', '']"
81,"Islands like #GrandCayman in the #Caribbean demonstrate the importance of energy independence in the face of #climate change. @WartsilaEnergy's 2 x 10MW/10MWh #EnergyStorage systems accelerate #decarbonisation while lowering energy costs and improving grid reliability.
#NetZero https://t.co/Lhw9psPjlY","Islands like GrandCayman in the Caribbean demonstrate the importance of energy independence in the face of climate change WartsilaEnergys  x MWMWh EnergyStorage systems accelerate decarbonisation while lowering energy costs and improving grid reliability
NetZero httpstcoLhwpsPjlY","['islands', 'like', 'grandcayman', 'in', 'the', 'caribbean', 'demonstrate', 'the', 'importance', 'of', 'energy', 'independence', 'in', 'the', 'face', 'of', 'climate', 'change', 'wartsilaenergys', 'x', 'mwmwh', 'energystorage', 'systems', 'accelerate', 'decarbonisation', 'while', 'lowering', 'energy', 'costs', 'and', 'improving', 'grid', 'reliability', 'netzero', 'httpstcolhwpspjly']","['islands', 'like', 'grandcayman', 'caribbean', 'demonstrate', 'importance', 'energy', 'independence', 'face', 'climate', 'change', 'wartsilaenergys', 'x', 'mwmwh', 'energystorage', 'systems', 'accelerate', 'decarbonisation', 'lowering', 'energy', 'costs', 'improving', 'grid', 'reliability', 'netzero', 'httpstcolhwpspjly']","['island', 'like', 'grandcayman', 'caribbean', 'demonstr', 'import', 'energi', 'independ', 'face', 'climat', 'chang', 'wartsilaenergi', 'x', 'mwmwh', 'energystorag', 'system', 'acceler', 'decarbonis', 'lower', 'energi', 'cost', 'improv', 'grid', 'reliabl', 'netzero', 'httpstcolhwpspjli']","['island', 'like', 'grandcayman', 'caribbean', 'demonstrate', 'importance', 'energy', 'independence', 'face', 'climate', 'change', 'wartsilaenergys', 'x', 'mwmwh', 'energystorage', 'system', 'accelerate', 'decarbonisation', 'lowering', 'energy', 'cost', 'improving', 'grid', 'reliability', 'netzero', 'httpstcolhwpspjly']"
82,"RT @MikeHudema: The trains in the Netherlands are 100% #windpowered. Over 5,500 trips a day 100% #renewable.

We have the solutions. Implem‚Ä¶","RT MikeHudema The trains in the Netherlands are  windpowered Over  trips a day  renewable

We have the solutions Implem‚Ä¶","['rt', 'mikehudema', 'the', 'trains', 'in', 'the', 'netherlands', 'are', 'windpowered', 'over', 'trips', 'a', 'day', 'renewable', 'we', 'have', 'the', 'solutions', 'implem', '']","['rt', 'mikehudema', 'trains', 'netherlands', 'windpowered', 'trips', 'day', 'renewable', 'solutions', 'implem', '']","['rt', 'mikehudema', 'train', 'netherland', 'windpow', 'trip', 'day', 'renew', 'solut', 'implem', '']","['rt', 'mikehudema', 'train', 'netherlands', 'windpowered', 'trip', 'day', 'renewable', 'solution', 'implem', '']"
83,"RT @NorthernComd_IA: #Climate may change; Adversaries may change; Places may change, but responsibility of protecting the #Country never ch‚Ä¶",RT NorthernComdIA Climate may change Adversaries may change Places may change but responsibility of protecting the Country never ch‚Ä¶,"['rt', 'northerncomdia', 'climate', 'may', 'change', 'adversaries', 'may', 'change', 'places', 'may', 'change', 'but', 'responsibility', 'of', 'protecting', 'the', 'country', 'never', 'ch', '']","['rt', 'northerncomdia', 'climate', 'may', 'change', 'adversaries', 'may', 'change', 'places', 'may', 'change', 'responsibility', 'protecting', 'country', 'never', 'ch', '']","['rt', 'northerncomdia', 'climat', 'may', 'chang', 'adversari', 'may', 'chang', 'place', 'may', 'chang', 'respons', 'protect', 'countri', 'never', 'ch', '']","['rt', 'northerncomdia', 'climate', 'may', 'change', 'adversary', 'may', 'change', 'place', 'may', 'change', 'responsibility', 'protecting', 'country', 'never', 'ch', '']"
84,"RT @_GlobalCrisis_: ‚ùóÔ∏èSeconds From #DISASTER! 
The statistics of casualties and damage are ever increasing, and people get no protection fr‚Ä¶","RT GlobalCrisis ‚ùóÔ∏èSeconds From DISASTER 
The statistics of casualties and damage are ever increasing and people get no protection fr‚Ä¶","['rt', 'globalcrisis', 'seconds', 'from', 'disaster', 'the', 'statistics', 'of', 'casualties', 'and', 'damage', 'are', 'ever', 'increasing', 'and', 'people', 'get', 'no', 'protection', 'fr', '']","['rt', 'globalcrisis', 'seconds', 'disaster', 'statistics', 'casualties', 'damage', 'ever', 'increasing', 'people', 'get', 'protection', 'fr', '']","['rt', 'globalcrisi', 'second', 'disast', 'statist', 'casualti', 'damag', 'ever', 'increas', 'peopl', 'get', 'protect', 'fr', '']","['rt', 'globalcrisis', 'second', 'disaster', 'statistic', 'casualty', 'damage', 'ever', 'increasing', 'people', 'get', 'protection', 'fr', '']"
85,"RT @MikeHudema: The trains in the Netherlands are 100% #windpowered. Over 5,500 trips a day 100% #renewable.

We have the solutions. Implem‚Ä¶","RT MikeHudema The trains in the Netherlands are  windpowered Over  trips a day  renewable

We have the solutions Implem‚Ä¶","['rt', 'mikehudema', 'the', 'trains', 'in', 'the', 'netherlands', 'are', 'windpowered', 'over', 'trips', 'a', 'day', 'renewable', 'we', 'have', 'the', 'solutions', 'implem', '']","['rt', 'mikehudema', 'trains', 'netherlands', 'windpowered', 'trips', 'day', 'renewable', 'solutions', 'implem', '']","['rt', 'mikehudema', 'train', 'netherland', 'windpow', 'trip', 'day', 'renew', 'solut', 'implem', '']","['rt', 'mikehudema', 'train', 'netherlands', 'windpowered', 'trip', 'day', 'renewable', 'solution', 'implem', '']"
86,"#Climate Costs Climb - Isn‚Äôt it time for rich nations to pay the communities that they have helped to drown? 

https://t.co/0VdIksSN6r","Climate Costs Climb  Isn‚Äôt it time for rich nations to pay the communities that they have helped to drown 

httpstcoVdIksSNr","['climate', 'costs', 'climb', 'isn', 't', 'it', 'time', 'for', 'rich', 'nations', 'to', 'pay', 'the', 'communities', 'that', 'they', 'have', 'helped', 'to', 'drown', 'httpstcovdikssnr']","['climate', 'costs', 'climb', 'time', 'rich', 'nations', 'pay', 'communities', 'helped', 'drown', 'httpstcovdikssnr']","['climat', 'cost', 'climb', 'time', 'rich', 'nation', 'pay', 'commun', 'help', 'drown', 'httpstcovdikssnr']","['climate', 'cost', 'climb', 'time', 'rich', 'nation', 'pay', 'community', 'helped', 'drown', 'httpstcovdikssnr']"
87,"#HappeningNow 
Women farmers are a crucial resource in #agriculture &amp; to build sustainable, #climate-resilient #foodsystems.üë©‚Äçüåæ
The event will see discussions on the challenges &amp; possible approaches which could bridge the gendered information gap in ag extn. services.
@GROOTSKenya https://t.co/tBsd11xnDr","HappeningNow 
Women farmers are a crucial resource in agriculture amp to build sustainable climateresilient foodsystemsüë©‚Äçüåæ
The event will see discussions on the challenges amp possible approaches which could bridge the gendered information gap in ag extn services
GROOTSKenya httpstcotBsdxnDr","['happeningnow', 'women', 'farmers', 'are', 'a', 'crucial', 'resource', 'in', 'agriculture', 'amp', 'to', 'build', 'sustainable', 'climateresilient', 'foodsystems', 'the', 'event', 'will', 'see', 'discussions', 'on', 'the', 'challenges', 'amp', 'possible', 'approaches', 'which', 'could', 'bridge', 'the', 'gendered', 'information', 'gap', 'in', 'ag', 'extn', 'services', 'grootskenya', 'httpstcotbsdxndr']","['happeningnow', 'women', 'farmers', 'crucial', 'resource', 'agriculture', 'amp', 'build', 'sustainable', 'climateresilient', 'foodsystems', 'event', 'see', 'discussions', 'challenges', 'amp', 'possible', 'approaches', 'could', 'bridge', 'gendered', 'information', 'gap', 'ag', 'extn', 'services', 'grootskenya', 'httpstcotbsdxndr']","['happeningnow', 'women', 'farmer', 'crucial', 'resourc', 'agricultur', 'amp', 'build', 'sustain', 'climateresili', 'foodsystem', 'event', 'see', 'discuss', 'challeng', 'amp', 'possibl', 'approach', 'could', 'bridg', 'gender', 'inform', 'gap', 'ag', 'extn', 'servic', 'grootskenya', 'httpstcotbsdxndr']","['happeningnow', 'woman', 'farmer', 'crucial', 'resource', 'agriculture', 'amp', 'build', 'sustainable', 'climateresilient', 'foodsystems', 'event', 'see', 'discussion', 'challenge', 'amp', 'possible', 'approach', 'could', 'bridge', 'gendered', 'information', 'gap', 'ag', 'extn', 'service', 'grootskenya', 'httpstcotbsdxndr']"
88,"RT @MikeHudema: In these times we could all use a breath. (sound on)

Nature is amazing. Protect it.

#ActOnClimate #climate #energy #ocean‚Ä¶","RT MikeHudema In these times we could all use a breath sound on

Nature is amazing Protect it

ActOnClimate climate energy ocean‚Ä¶","['rt', 'mikehudema', 'in', 'these', 'times', 'we', 'could', 'all', 'use', 'a', 'breath', 'sound', 'on', 'nature', 'is', 'amazing', 'protect', 'it', 'actonclimate', 'climate', 'energy', 'ocean', '']","['rt', 'mikehudema', 'times', 'could', 'use', 'breath', 'sound', 'nature', 'amazing', 'protect', 'actonclimate', 'climate', 'energy', 'ocean', '']","['rt', 'mikehudema', 'time', 'could', 'use', 'breath', 'sound', 'natur', 'amaz', 'protect', 'actonclim', 'climat', 'energi', 'ocean', '']","['rt', 'mikehudema', 'time', 'could', 'use', 'breath', 'sound', 'nature', 'amazing', 'protect', 'actonclimate', 'climate', 'energy', 'ocean', '']"
89,"RT @MikeHudema: The trains in the Netherlands are 100% #windpowered. Over 5,500 trips a day 100% #renewable.

We have the solutions. Implem‚Ä¶","RT MikeHudema The trains in the Netherlands are  windpowered Over  trips a day  renewable

We have the solutions Implem‚Ä¶","['rt', 'mikehudema', 'the', 'trains', 'in', 'the', 'netherlands', 'are', 'windpowered', 'over', 'trips', 'a', 'day', 'renewable', 'we', 'have', 'the', 'solutions', 'implem', '']","['rt', 'mikehudema', 'trains', 'netherlands', 'windpowered', 'trips', 'day', 'renewable', 'solutions', 'implem', '']","['rt', 'mikehudema', 'train', 'netherland', 'windpow', 'trip', 'day', 'renew', 'solut', 'implem', '']","['rt', 'mikehudema', 'train', 'netherlands', 'windpowered', 'trip', 'day', 'renewable', 'solution', 'implem', '']"
90,RT @AllanMargolin: I want YOU to be a #Climate Voter https://t.co/yifqu5m6zy,RT AllanMargolin I want YOU to be a Climate Voter httpstcoyifqumzy,"['rt', 'allanmargolin', 'i', 'want', 'you', 'to', 'be', 'a', 'climate', 'voter', 'httpstcoyifqumzy']","['rt', 'allanmargolin', 'want', 'climate', 'voter', 'httpstcoyifqumzy']","['rt', 'allanmargolin', 'want', 'climat', 'voter', 'httpstcoyifqumzi']","['rt', 'allanmargolin', 'want', 'climate', 'voter', 'httpstcoyifqumzy']"
91,RT @MikeHudema: 98% of Costa Rica's power already comes from #renewables. Half of the land is covered by forest. They're aiming to transfor‚Ä¶,RT MikeHudema  of Costa Ricas power already comes from renewables Half of the land is covered by forest Theyre aiming to transfor‚Ä¶,"['rt', 'mikehudema', 'of', 'costa', 'ricas', 'power', 'already', 'comes', 'from', 'renewables', 'half', 'of', 'the', 'land', 'is', 'covered', 'by', 'forest', 'theyre', 'aiming', 'to', 'transfor', '']","['rt', 'mikehudema', 'costa', 'ricas', 'power', 'already', 'comes', 'renewables', 'half', 'land', 'covered', 'forest', 'theyre', 'aiming', 'transfor', '']","['rt', 'mikehudema', 'costa', 'rica', 'power', 'alreadi', 'come', 'renew', 'half', 'land', 'cover', 'forest', 'theyr', 'aim', 'transfor', '']","['rt', 'mikehudema', 'costa', 'ricas', 'power', 'already', 'come', 'renewables', 'half', 'land', 'covered', 'forest', 'theyre', 'aiming', 'transfor', '']"
92,"RT @toldbysurvivors: üî•People felt powerless and only thing they saw were ashes... #toldbyeyewitnesses #Spain #wildfire 
üî•Do you still beliv‚Ä¶","RT toldbysurvivors üî•People felt powerless and only thing they saw were ashes toldbyeyewitnesses Spain wildfire 
üî•Do you still beliv‚Ä¶","['rt', 'toldbysurvivors', 'people', 'felt', 'powerless', 'and', 'only', 'thing', 'they', 'saw', 'were', 'ashes', 'toldbyeyewitnesses', 'spain', 'wildfire', 'do', 'you', 'still', 'beliv', '']","['rt', 'toldbysurvivors', 'people', 'felt', 'powerless', 'thing', 'saw', 'ashes', 'toldbyeyewitnesses', 'spain', 'wildfire', 'still', 'beliv', '']","['rt', 'toldbysurvivor', 'peopl', 'felt', 'powerless', 'thing', 'saw', 'ash', 'toldbyeyewit', 'spain', 'wildfir', 'still', 'beliv', '']","['rt', 'toldbysurvivors', 'people', 'felt', 'powerless', 'thing', 'saw', 'ash', 'toldbyeyewitnesses', 'spain', 'wildfire', 'still', 'beliv', '']"
93,"@CreativeScty We have a unique opportunity to change the world, and get on a consciousness course! Then technical possibilities never before seen before will open before us.
Let's build a #creativesociety together, where human life is of the highest value!
üëá
https://t.co/J7TJm2QCaH
 #Climate https://t.co/u55yWGPhby","CreativeScty We have a unique opportunity to change the world and get on a consciousness course Then technical possibilities never before seen before will open before us
Lets build a creativesociety together where human life is of the highest value
üëá
httpstcoJTJmQCaH
 Climate httpstcouyWGPhby","['creativescty', 'we', 'have', 'a', 'unique', 'opportunity', 'to', 'change', 'the', 'world', 'and', 'get', 'on', 'a', 'consciousness', 'course', 'then', 'technical', 'possibilities', 'never', 'before', 'seen', 'before', 'will', 'open', 'before', 'us', 'lets', 'build', 'a', 'creativesociety', 'together', 'where', 'human', 'life', 'is', 'of', 'the', 'highest', 'value', 'httpstcojtjmqcah', 'climate', 'httpstcouywgphby']","['creativescty', 'unique', 'opportunity', 'change', 'world', 'get', 'consciousness', 'course', 'technical', 'possibilities', 'never', 'seen', 'open', 'us', 'lets', 'build', 'creativesociety', 'together', 'human', 'life', 'highest', 'value', 'httpstcojtjmqcah', 'climate', 'httpstcouywgphby']","['creativescti', 'uniqu', 'opportun', 'chang', 'world', 'get', 'conscious', 'cours', 'technic', 'possibl', 'never', 'seen', 'open', 'us', 'let', 'build', 'creativesocieti', 'togeth', 'human', 'life', 'highest', 'valu', 'httpstcojtjmqcah', 'climat', 'httpstcouywgphbi']","['creativescty', 'unique', 'opportunity', 'change', 'world', 'get', 'consciousness', 'course', 'technical', 'possibility', 'never', 'seen', 'open', 'u', 'let', 'build', 'creativesociety', 'together', 'human', 'life', 'highest', 'value', 'httpstcojtjmqcah', 'climate', 'httpstcouywgphby']"
94,"RT @MikeHudema: This mobile #solar plant can be set up anywhere and generate 3x the power of a domestic solar array.

We have the solutions‚Ä¶","RT MikeHudema This mobile solar plant can be set up anywhere and generate x the power of a domestic solar array

We have the solutions‚Ä¶","['rt', 'mikehudema', 'this', 'mobile', 'solar', 'plant', 'can', 'be', 'set', 'up', 'anywhere', 'and', 'generate', 'x', 'the', 'power', 'of', 'a', 'domestic', 'solar', 'array', 'we', 'have', 'the', 'solutions', '']","['rt', 'mikehudema', 'mobile', 'solar', 'plant', 'set', 'anywhere', 'generate', 'x', 'power', 'domestic', 'solar', 'array', 'solutions', '']","['rt', 'mikehudema', 'mobil', 'solar', 'plant', 'set', 'anywher', 'gener', 'x', 'power', 'domest', 'solar', 'array', 'solut', '']","['rt', 'mikehudema', 'mobile', 'solar', 'plant', 'set', 'anywhere', 'generate', 'x', 'power', 'domestic', 'solar', 'array', 'solution', '']"
95,"RT @NorthernComd_IA: #Climate may change; Adversaries may change; Places may change, but responsibility of protecting the #Country never ch‚Ä¶",RT NorthernComdIA Climate may change Adversaries may change Places may change but responsibility of protecting the Country never ch‚Ä¶,"['rt', 'northerncomdia', 'climate', 'may', 'change', 'adversaries', 'may', 'change', 'places', 'may', 'change', 'but', 'responsibility', 'of', 'protecting', 'the', 'country', 'never', 'ch', '']","['rt', 'northerncomdia', 'climate', 'may', 'change', 'adversaries', 'may', 'change', 'places', 'may', 'change', 'responsibility', 'protecting', 'country', 'never', 'ch', '']","['rt', 'northerncomdia', 'climat', 'may', 'chang', 'adversari', 'may', 'chang', 'place', 'may', 'chang', 'respons', 'protect', 'countri', 'never', 'ch', '']","['rt', 'northerncomdia', 'climate', 'may', 'change', 'adversary', 'may', 'change', 'place', 'may', 'change', 'responsibility', 'protecting', 'country', 'never', 'ch', '']"
96,"RT @MikeHudema: The trains in the Netherlands are 100% #windpowered. Over 5,500 trips a day 100% #renewable.

We have the solutions. Implem‚Ä¶","RT MikeHudema The trains in the Netherlands are  windpowered Over  trips a day  renewable

We have the solutions Implem‚Ä¶","['rt', 'mikehudema', 'the', 'trains', 'in', 'the', 'netherlands', 'are', 'windpowered', 'over', 'trips', 'a', 'day', 'renewable', 'we', 'have', 'the', 'solutions', 'implem', '']","['rt', 'mikehudema', 'trains', 'netherlands', 'windpowered', 'trips', 'day', 'renewable', 'solutions', 'implem', '']","['rt', 'mikehudema', 'train', 'netherland', 'windpow', 'trip', 'day', 'renew', 'solut', 'implem', '']","['rt', 'mikehudema', 'train', 'netherlands', 'windpowered', 'trip', 'day', 'renewable', 'solution', 'implem', '']"
97,RT @MikeHudema: 98% of Costa Rica's power already comes from #renewables. Half of the land is covered by forest. They're aiming to transfor‚Ä¶,RT MikeHudema  of Costa Ricas power already comes from renewables Half of the land is covered by forest Theyre aiming to transfor‚Ä¶,"['rt', 'mikehudema', 'of', 'costa', 'ricas', 'power', 'already', 'comes', 'from', 'renewables', 'half', 'of', 'the', 'land', 'is', 'covered', 'by', 'forest', 'theyre', 'aiming', 'to', 'transfor', '']","['rt', 'mikehudema', 'costa', 'ricas', 'power', 'already', 'comes', 'renewables', 'half', 'land', 'covered', 'forest', 'theyre', 'aiming', 'transfor', '']","['rt', 'mikehudema', 'costa', 'rica', 'power', 'alreadi', 'come', 'renew', 'half', 'land', 'cover', 'forest', 'theyr', 'aim', 'transfor', '']","['rt', 'mikehudema', 'costa', 'ricas', 'power', 'already', 'come', 'renewables', 'half', 'land', 'covered', 'forest', 'theyre', 'aiming', 'transfor', '']"
98,RT @vlad_rad: Looking pretty #warm out #west into next week. #BCHeat #BCStorm #PNW #Climate #EndlessSummer https://t.co/di2z2dM1gg,RT vladrad Looking pretty warm out west into next week BCHeat BCStorm PNW Climate EndlessSummer httpstcodizdMgg,"['rt', 'vladrad', 'looking', 'pretty', 'warm', 'out', 'west', 'into', 'next', 'week', 'bcheat', 'bcstorm', 'pnw', 'climate', 'endlesssummer', 'httpstcodizdmgg']","['rt', 'vladrad', 'looking', 'pretty', 'warm', 'west', 'next', 'week', 'bcheat', 'bcstorm', 'pnw', 'climate', 'endlesssummer', 'httpstcodizdmgg']","['rt', 'vladrad', 'look', 'pretti', 'warm', 'west', 'next', 'week', 'bcheat', 'bcstorm', 'pnw', 'climat', 'endlesssumm', 'httpstcodizdmgg']","['rt', 'vladrad', 'looking', 'pretty', 'warm', 'west', 'next', 'week', 'bcheat', 'bcstorm', 'pnw', 'climate', 'endlesssummer', 'httpstcodizdmgg']"
99,"RT @MikeHudema: Over 11,000 scientists from 153 countries have banded together to declare a #climateemergency. Listen to them.

There is no‚Ä¶","RT MikeHudema Over  scientists from  countries have banded together to declare a climateemergency Listen to them

There is no‚Ä¶","['rt', 'mikehudema', 'over', 'scientists', 'from', 'countries', 'have', 'banded', 'together', 'to', 'declare', 'a', 'climateemergency', 'listen', 'to', 'them', 'there', 'is', 'no', '']","['rt', 'mikehudema', 'scientists', 'countries', 'banded', 'together', 'declare', 'climateemergency', 'listen', '']","['rt', 'mikehudema', 'scientist', 'countri', 'band', 'togeth', 'declar', 'climateemerg', 'listen', '']","['rt', 'mikehudema', 'scientist', 'country', 'banded', 'together', 'declare', 'climateemergency', 'listen', '']"
100,"RT @MikeHudema: Over 11,000 scientists from 153 countries have banded together to declare a #climateemergency. Listen to them.

There is no‚Ä¶","RT MikeHudema Over  scientists from  countries have banded together to declare a climateemergency Listen to them

There is no‚Ä¶","['rt', 'mikehudema', 'over', 'scientists', 'from', 'countries', 'have', 'banded', 'together', 'to', 'declare', 'a', 'climateemergency', 'listen', 'to', 'them', 'there', 'is', 'no', '']","['rt', 'mikehudema', 'scientists', 'countries', 'banded', 'together', 'declare', 'climateemergency', 'listen', '']","['rt', 'mikehudema', 'scientist', 'countri', 'band', 'togeth', 'declar', 'climateemerg', 'listen', '']","['rt', 'mikehudema', 'scientist', 'country', 'banded', 'together', 'declare', 'climateemergency', 'listen', '']"
